,종목명,제목,내용,증권사,날짜,조회수,목표가,의견,리포트링크,pdf이름,텍스트,감성점수,감성토픽,요약문
0,DXVX,진단사업 영역 내 전문 서비스 제공 기업,■ 다양한 진단 사업 영위 중:■ 다양한 질환 발병 증가에 따른 진단 서비스 활용 전망:■ 종속회사 인수 및 기술 도입 등을 통한 사업 다각화 기대,NICE평가정보,2023.06.30,142,-9999,no_opinion,https://ssl.pstatic.net/imgstock/upload/research/company/1688079827944.pdf,DXVX_NICE평가정보_2023.06.30,  Company Brief     SOil  Buy  Maintain   역사적  저점의  밸류에이션  목표주가 M  원하향  목표주가  .만원  하향  역사적  저점의  밸류에이션으로  투자의견  매수  유지  동사에  대한 목표주가를  .만원으로  하향한다 . 년 예상 BPS  원에 PBR . 배를 적용해  산출하였다 . 금번 목표주가  변경은  정제마진과  국제유가  하락에  따라 실적 추정치를  조정하였고  당초 예상과  달리 러시아  규제가  무색해지며  공급부담  지속되고  있음을  반영하여 적용 멀티플도  기존 대비  할인함에 따른 것이다 .  다만 투자의견은  매수 유지한다 . 최근 업황 부진을  감안하더라도  PBR . 배의 밸류에이션은  역사적  저점 레벨인  만큼 추가 다운사이드  리스크는  제한적으로  판단됨에 근거한다 . 참고로  지금까지  동사 멀티플은   년과 년 유가 급락 시기에  가장 낮았는데  그 당시 동사 PBR은 각각 .배 및 .배 수준이었다 . Q Preview 영업이익   억원  전망 컨센서스   억원  분기 영업이익은  억원QoQ 으로 컨센서스  억원을  대폭 하회할  전망이다 . 월 약 한 달 동안 CDU  PX Hydrocracker 등 전 부문에  걸쳐 진행된  정기보수로  판매량  감소 및 일회성  비용 발생했고  정제마진과  유가 하락으로  정유 부문이  적자 전환한 영향이다 . 다만 화학과  윤활유는  제품가격  상승 및 원재료  하락에 따라 전 분기 대비 영업이익은  증가할  것으로  전망한다 . 정유 부문은  억원의  적자 예상된다 . OSP 감안하더라도  래깅 정제마진이 전분기  대비 약 달러 하락했고  국제유가 약세로  억원 내외의 재고평가손실 발생을  가정한 것이다 . 반면 화학은 BZ PX 등 아로마틱  체인 강세로  영업이익  억원QoQ 에 달하겠다 . 윤활유  부문은  Hydrocracker 정기보수로  판매량  감소가  불가피했겠으나  드라이빙  시즌 진입에  따른 성수기  및 VGO 약세로  수익성  개선되며  영업이익은  QoQ 증가한  억원 기록하며  분기 동사 영업이익의  대부분을  차지했을  것으로  추정된다 .   중국 인도  내수  회복에  근거해  상반기보다는  높은  레벨의  정제마진  기대  상반기는  중국 수요 우려와  더불어  사실상  무용지물이었던  EU의 러시아  제재로  공급량은  오히려  증가하며  정제마진이  약세를  보였다 . 그러나  하반기는  중국 및 인도 내수 수요 회복 그리고  그에 따른 역내 공급부담  완화로  사뭇 다른 모습을  기대해볼  수 있을 것으로  전망한다 . 연초 이후 중국 정제품  수출량은  내수 회복에 근거해  빠르게  줄었다. 월 누적 백만톤에  달하며 년 차 및 년 이연된  쿼터 합산한  총 .백만톤  중 가 소진되었다 . 차 쿼터 및 차 잔여쿼터를  합산했을  때 월부터  출하될  수 있는 물량은  월 평균 ..백만톤 내외로 추정되는데 이는 상반기  평균 수출량  .백만톤의   수준에  불과하다 . 인도도  유럽 수출은  물론 내수 증가로  연초 이후  이상의  가동률을  유지하고  있어 추가 공급여력은  제한적이다 . 하반기는  중국과  인도 내수 회복에  따른 역내 공급 감소가  정제마진  반등을  견인함에  따라 상반기보다는  높은 레벨의  정제마진을  기대해볼  수 있다는  판단이다 . 종가    원 상승여력  .     Stock Indicator   자본금  십억원  발행주식수   만주 시가총액   십억원  외국인지분율  .  주 주가  원 일평균거래량   주 일평균거래대금  . 십억원   주가수익률  M M M M  절대수익률  . . . . 상대수익률  . . . .  Price Trend    FY   E  E  E  매출액 십억원          영업이익 십억원          순이익 십억원          EPS 원         BPS 원         PER 배 .  .  .  .  PBR 배 .  .  .  .  ROE  .  .  .  .  배당수익률  .  .  .  .  EVEBITDA 배 .  .  .  .  주 KIFRS 연결 요약 재무제표   정유 화학  전유진    yujinjnhi ib.com  RA 이주완    jwleehi ib.com   .................Jun Aug Oct Dec Feb Apr JunSOilPrice좌 Price Rel. To KOSPIS  정유 화학    SOil  HI Research     SOIL 목표주가  변경내역  PBR Valuation  단위 원  배 기존 변경 참고사항  년 예상 BPS     년 당사 추정치  Target PBR  배 . . 기존 대비  할인 적용 참고로   년 평균 PBR . 배 년 . 배 년 . 배  적정주가       년 예상 BPS  Target PBR   목표주가      기존 목표주가  대비 . 하향 현재주가     년 월 일 종가 기준 상승여력   .   자료 하이투자증권  리서치본부    그림.  SOIL  년 이후  ROE PBR 밸류에이션  추이    자료 Bloomberg 하이투자증권  리서치본부  ..........배 ROEPBR우년유가급락 년COVID 대비더낮은밸류에이션 SOIL 사업부문별  실적  추이  및 전망   단위 십억원  Q  Q  Q  Q  Q  Q F Q F Q F   F 합계            매출액                        영업이익                  영업이익률  .  .  .  .  .  .  .  .  .  .  .  정유            매출액                        영업이익                영업이익률  .  .  .  .  .  .  .  .  .  .  .  화학            매출액                        영업이익             영업이익률  .  .  .  .  .  .  .  .  .  .  .  윤활유             매출액                영업이익              영업이익률  .  .  .  .  .  .  .  .  .  .  .  자료 하이투자증권  리서치본부  ,-0.489790967767854,"['하방위험제한적', '국제유가하락', '제품가격상승', '국제유가약세', '공급부담완화', '수출내수회복', '영업이익증가', '원재료하락', '수익성개선', '여력제한적', '업황부진', '유가급락', '판매감소', '수요우려', '공급증가', '마진약세', '수요회복', '내수증가', '공급감소', '마진상승']",정2년 예상 BPS  원에 PBR 배를 적용해  산출하였고 금년 목표주가 변경은 정제마진과 국제유가  하락에 따라 실적 추정치를  조정하였고 러시아  규제가  무색해지며 공급부담이 지속되고  있음을  반영하여 적용 멀티플도 기존 대비  할인함에 따른 것이며 투자의견은  매수 유지한다
1,KB금융,현재로선 최선의 선택지,"2Q23 Earnings Preview::KB금융의 2분기 지배주주순이익은 1.33조원으로 컨센서스에 부합할 전망이다. 1분기에 이어 차별화 된 마진 흐름이 이어진다. 자산 리프라이싱 효과와 저원가성예금 이탈 추세 진정으로 2~3bp의 NIM 개선이 예상된다. 반면 대출성장률은 0.5% 내외로 부진하다. 비이자이익은 카드쪽의 상대적 선방에도 유가증권 관련익 등의 기저효과로 전분기 대비로는 감소한다. 경기 불확실성을 감안해 추가 충당금이 전입될 예정이다. 1분기 약 3,200억원의 보수적 충당금을 적립했던 만큼 절대적인 규모는 이보다 작을 것으로 추정되며, 한화오션 관련 일부 충당금 환입도 기대되는 만큼 실질적 부담은 우려만큼 크지 않다. 참고로 한화오션 관련 기적립 충당금 잔액은 약 1,500억원이다.",신한투자증권,2023.06.30,285,62000,매수,https://ssl.pstatic.net/imgstock/upload/research/company/1688081437883.pdf,KB금융_신한투자증권_2023.06.30,... 기술이보고서는시가총액억원미만의중소형기업에대한투자정보확충을위해발간한보고서입니다.기술분석보고서케이엠제약 화학작성기관NICE디앤비 조민경연구원 작성자본보고서는투자의사결정을위한참고용으로만제공되는것이므로투자자자신의판단과책임하에종목선택이나투자시기에대한최종결정을하시기바랍니다.따라서본보고서를활용한어떠한의사결정에대해서도본회와작성기관은일체의책임을지지않습니다.본보고서의요약영상은유튜브로도시청가능하며영상편집일정에따라현재시점에서미게재상태일수있습니다.카카오톡에서한국IR협의회채널을추가하시면매주보고서발간소식을안내받으실수있습니다.본보고서에대한자세한문의는작성기관TEL. 로연락하여주시기바랍니다.  요약  기업현황  시장동향  기술분석  재무분석  주요 변동사항 및 전망케이엠제약케이엠제약 판로 확대 사업 다각화로 성장이 기대되는 구강케어 및 화장품 전문회사기업정보기준대표자 강일모  백승원설립일자 년 월 일상장일자 년 월 일기업규모 중소기업업종분류치약 비누 및 기타 세제 제조업주요제품구강제품  뷰티제품  기타 생활용품 등시세정보현재가원 원액면가원  원시가총액 억 원 억 원발행주식수  주주 최고가원 원주 최저가원 원외국인지분율 .주요주주강일모 . 구강케어 사업을 기반으로 성장한 생활뷰티 전문기업케이엠제약 이하 동사은 년 월 설립되었으며  년 월 코스닥 시장에 상장되었다 . 동사는 구강케어 제품군  뷰티케어 제품군  기타 생활용품의 제조 판매를 주요 사업으로 영위하고 있다. 동사의 주력제품은 뽀로로와 친구들  꼬마버스 타요 캐릭터가 적용된 유아용 구강케어 제품이며  성인용 기능성 구강케어 제품 탈모방지 샴푸 등을 판매하고 있다. 현재 동사의 매출 중 구강케어 제품이 가장 큰 비중을 차지하고 있으며  년 기준 내수와 수출 매출 비중은 각각  이다. 지속적 성장을 위한 사업 포트폴리오 다각화 진행동사는 기존 영유아용 제품에만 국한되어 있던 캐릭터 제품에 대한 고정관념을 깨고자  잔망루피  캐릭터를 이용하는 등 MZ세대를 겨냥한 굿즈제품을 출시하였다 . 또한 업무협약 MOU 과 지속적 연구개발을 통해 기능성 친환경 구강케어 제품 신소재가 적용된 뷰티케어 제품을 개발하고 있으며  화장품  건강기능식품에 대한 프리미엄 라인 브랜드를 런칭하여 포트폴리오 다변화를 진행 중이다 .  비즈니스 시너지 창출과 해외 수출국의 다변화를 위해 노력 중  동사는 뽀로로  캐릭터 저작권 보유기업인 주아이코닉스와 캐릭터 계약을 체결한 후 전략적 사업 파트너 관계를 지속적으로 유지하고 있으며 아이코닉스와 함께 설립한 관계회사 모린을 통해 중국 내 캐릭터 생활용품 시장을 선점하고자 한다. 동사는 모린의 전용 브랜드 제품 출시를 기획하여 면세점 매출 신장을 기대하고 있으며  중국 외에도 해외 수출국의 다변화를 위해 동남아 수출을 진행하고 다양한 박람회에도 참가하고 있다.요약투자지표KIFRS별도기준매출액억원증감영업이익억원이익률순이익억원이익률ROEROA부채비율EPS원BPS원PER배PBR배 . . . . . . . . .   . .  . . . . . . . . .    .  . . . . . . . . .    . ,0.37615510135559777,"['투자확충', '매출신장']",기술와 기술보고서는 총액억원미만의중소형기업에대한 투자정보확충을위해발간한 보고서로 주요 변동사항 및 전망케이엠제약케이엠제약 판로 확대 사업 다각화로 성장이 기대되는 구강케어 및 화장품 전문회사기업정보기준대표자 강일모  강일모는 구강케어 제품군  뷰티케어 제품군  기타 생활용품의 제조 판매를 주요 사업으로 영위하고 있다
2,LG전자,"2Q 실적은 양호, 수익성 체질이 변화하다","투자의견 매수(BUY) 및 목표주가 150,000원 유지::2023년 주당순이익(EPS)에 목표P/E 13.1배(실적회복기에 평균밴드) 적용으로 목표주가 150,000원, 투자의견 매수(BUY) 유지. 2023년 2분기 영업이익(연결)은 9,456억원으로 컨센서스 부합 동시에 각 사업별 수익성에서 체질 변화 진행, 전장사업에서 기대 이상의 매출 성장도 긍정적인 요인 판단",대신증권,2023.06.30,313,150000,Buy,https://ssl.pstatic.net/imgstock/upload/research/company/1688083396239.pdf,LG전자_대신증권_2023.06.30,   SK하이닉스     Bloomberg Code   KS    Reuters  Code .KS   년 월 일    반도체 장비 디커플링  본격화  고영민  책임연구원       ym.koshinhan.com   박제민  연구원      jeminwashinhan.com   매수 현재주가 월 일 목표주가  상승여력      유지  원 원 상향 .      분기 전망 ASP  전망 DDR 효과 첫 확인  년 전망 DDR  HBM  경쟁사  대비 이익 증가폭  확대  목표주가  상향 년 추가적인  상향 여력도  남아있다         COMPANY  REPORT  I  SK하이닉스   년 월 일     I    시가총액   . 십억원  발행주식수   . 백만주  유동주식수   . 백만주 .  주 최고가 최저가    원 원 일평균  거래량  일   주 일평균  거래액  일   백만원  외국인  지분율   .  주요주주   에스케이스퀘어  외  인 .  국민연금공단  .  절대수익률  개월 .  개월 .  개월 .  KOSPI 대비 상대수익률  개월 .  개월 .  개월 .   주가   ESG 컨센서스      SK하이닉스 주가 좌축 KOSPI 대비 상대지수 우축 원종합주가지수 AAAAESG E S G점수 및등급 월 결산 매출액  영업이익  지배순이익  EPS BPS PER EVEBITDA  PBR ROE  순차입금비율   십억원  십억원  십억원  원 원 배 배 배     .  .  .      . . . .  .    .  .  .      .  . . . .  F  .  .  .      .  .  . .  .  F  .  .  .      .  . . .  . F  .  .  .      . . . .  .  자료 회사 자료 신한투자증권  마이크론  실적 발표  디커플링  근거 강화 분기 매출액 .조원 이하 QoQ 영업손익  .조원적자지속을 전망한다 . 전일 마이크론  실적 발표를 통해 경쟁사들  대비 분기 동사의 차별화된  실적 근거가 확대됐다는  판단이다 .   마이크론  대비 강한 ASP 분기 ASP 강세 요인은 DDR 와 HBM 다. GB DDR 제품과 HBM 를 유일하게  판매하고  있는 동사를 중심으로 특히 확인된 동향이다 . DRAM ASP  변화율은  SK하이닉스  추정 마이크론  약 로 유사하나 BGSK하이닉스   추정 마이크론   대를 감안시 강도의 차이 확인된다 .   마이크론도  언급한 차별적  수요 HBM  수요 강세 및 DDR  침투율 확대 동향FYQ DRAM 비중 DDRDDR 예상을 언급했다. 이번 Cycle 의 업황 변곡점이  앞당겨지는  배경에  대한 확신이  강해질 것으로  기대된다 . UpCycle  기대감이  구체화되는  시작점이다 . 년 전망 DDR  HBM  경쟁사  대비 이익 증가폭  확대  년 매출액 .조원 영업손익 .조원적자전환 을 전망한다. 고용량  DDR 및 HBM과 같은 고부가  제품 내 경쟁력은  경쟁사  대비 년 ASP와 BG를 우수하게  만드는  요인으로  작용할  수 있다.  DDR  DDR 침투율은  가파르게  증가Q    H 할 것으로 예상된다 . a에 이어 b nm  준비도  앞서있다 . 년까지  동사의  DDR MS 는 확실한  위를 지속할  수 있다.  HBM  HBM는 현재 글로벌  유일 양산 중이며  엔비디아  H 에 단독 공급 중이다 . 년   년  의 매출 성장이  예상된다 . 업황 반등 구간에서  가파른  이익 증가가  기대된다 . 목표주가  상향 현재 구간에서  핵심은 멀티플보다  앞선 추정치 상향 목표주가를  원F BPS 원 Target PB .x 으로 상향한다. 향후 Valuation 우려 해소 및 상단 확장은  월 말까지  차례마이크론 실적 발표  삼성전자  잠정실적  발표  삼성전자   SK 하이닉스 실적 발표에 걸쳐 진행될  것으로  예상한다 . 마지막  의구심이  상존하는 월까지가  이번 Cycle 에서 편안한  비중확대를  하기 유리한  마지막 구간일  수 있다. 경쟁사들  대비 SK하이닉스의  선제적  주가 기울기  강세디커플링 이 보여질  가능성이  높다고  판단된다 .  ,0.1539330272814435,"['이익증가', '수요강세', '매출성장', '업황상승', '우려해소']",SK하이닉스 주가
3,LG전자,2020년과 비교해보면 무엇이 달라졌을까,"역대 최대 실적의 동인은 전장부품::투자의견 Buy, 목표주가 16.5만원을 유지한다. 현 주가는 ‘24년 P/E 7.4배에 거래되고 있다. 참고로, 지난 10년간 평균 12MF P/E는 9.8배다. LGIT 제외 2Q23 영업이익을 9,030억원(+75%YoY, OPM 5.6%)으로 추정하며, ‘23년과 ‘24년 별도 영업이익을 각각 3.5조원(+51%YoY, OPM 5.4%), 3.9조원(+9.7%YoY, OPM 5.6%)으로 전망한다. 이는 내구재 수요 폭증으로 최대 실적을 시현했던 ‘20년의 3.3조원을 상회하는 것이다. 해당 기간 동안 사업부별 영업이익(영업이익률)의 변화는 아래와 같다.",하이투자증권,2023.06.30,311,165000,Buy,https://ssl.pstatic.net/imgstock/upload/research/company/1688081990444.pdf,LG전자_하이투자증권_2023.06.30,    기업분석  ..  www.daishin.com     Earnings Preview  기아     또 서프입니다  김귀연   gwiyeon.kimdaishin.com      투자의견  BUY  매수 유지 개월 목표주가    상향  현재주가  ..    자동차업종           OP 컨센 대비  상회하며  개분기  연속 서프 기록할  것으로  전망  연간 조원의  이익체력에도  불구 년 PER .배로 극심한  저평가   실적  배당  밸류에이션  고려 시 편안한  매수 구간으로  판단  투자의견  매수 목표주가  원 상향  목표주가는  년 EPS  원에 Target PER .배현대차와  동일한 밸류에이션 부여. 연간 이익체력  조원의  이익체력에도  불구 밸류에이션은  년 글로벌  금융위기 년 코로나  쇼크 당시 수준으로  극히 져평가  상태. 년 예상 DPS  원 기준 배당수익률  .. 피크아웃  우려에  따른 하방 리스크  대비 투자 실익이  더 큰 상황으로  편안한  매수 구간으로  판단   Q 매출 .조YoY  OP .조. OPM . 예상 OP 컨센서스  .조대신 추정 .조원 대비 각각  상회하는  서프 예상. 개분기  연속 호실적  시현함에  따라 실적 피크아웃  우려 경계할  필요 Q 연결 판매대수  .만대YoY QoQ . 추정하며  RV미국 판매 비중 지속 확대되며  견조한  외형성장  시현할  것으로  전망. 월 기준 RV 비중 미국 도매 비중 로 MoM 상승세  지속. 이에 따라 북미 인센티브  소폭 상승에도  Mix물량효과  지속되며  호실적  견인할  전망Q 물량Mix 효과 .조 추정. Q 원달러  평균환율  원YoY . 원으로 YoY 약 억 증익 효과 예상  년 매출 .조 OP .조 OPM . 예상 년 기아의 연간 OP 가이던스는  .조원. H 실적H 업황 감안했을  때 가이던스  무난히  달성할  것으로  예상. 실적 피크아웃  우려와  달리 .월말 기준 글로벌  백로그  만대내수 만대 보유한  가운데  신규 주문 건수도  안정세  보이며  연간 이익 가시성을  재차 높여가는  중. H 환율 원인센티브 상승 가정 시 기 추정대비  감익 효과는  .조원 수준으로  연간 조원대  이익체력  사수 가능할  것으로  전망. 또한 최근 철강알루미늄  등 차량 주원재료  안정화  추세 봤을 때 H 피크아웃  우려를  선반영  할 필요는  없다고  판단  단위 십억원   구분 Q Q  QF  Q 직전추정 당사추정  YoY QoQ Consensus  당사추정 YoY QoQ 매출액         .  .      .  .  영업이익         .  .      .  .  순이익         .  .      .  .  자료 기아 FnGuide  대신증권  Research Center      ESG평가 등급 S A A B B C D  KOSPI .  시가총액  십억원 시가총액비중  . 자본금보통주 십억원 주 최고최저 원  원 일 평균거래대금  억원 외국인지분율  .  주요주주   현대자동차  외  인 .    국민연금공단  .   주가수익률  M M M M 절대수익률  .  .  .  .  상대수익률  .  .  .  .    . . . . . 천원 기아좌Relative to KOSPI 우기아         영업실적  및 주요 투자지표  단위 십억원 원    A A F F F 매출액           영업이익            세전순이익            총당기순이익            지배지분순이익            EPS           PER .  .  .  .  .  BPS           PBR .  .  .  .  .  ROE .  .  .  .  .  주 EPS와 BPS ROE는 지배지분  기준으로 산출  자료 기아 대신증권  Research Center   연간 실적 추정 변경 단위 십억원 원  p    수정전  수정후  변동률 F F F F F F 매출액         .  .  판매비와  관리비         .  .  영업이익          .  .  영업이익률  .  .  .  .  .  .  영업외손익          .  .  세전순이익          .  .  지배지분순이익          .  .  순이익률  .  .  .  .  .  .  EPS지배지분순이익          .  .  자료 기아 대신증권  Research Center    표 . 기아 목표주가  산출     비고 년 EPS .  원   년 EPS .  원  년 EPS .  원   년 EPS  .  원  Target PER  .  배 현대차와  동일한 밸류에이션  목표주가  .  원   현재주가  .  원 일 종가 기준 상승여력  .     자료 대신증권  Research Center      ,0.09497612507055646,"['안정화추세', '하방위험', '우려경계', '외형성장']",자동차 자동차업종이 OP 컨센 대비  상회하며 개분기 연속 서프 기록할 것으로 전망되며 자동차 업종은 연간 조원의 이익체력에도 불구하고 년 PER배로 극심한 저평가 실적배당  밸류에이션을 고려시 편안한  매수 구간으로 판단되어 투자의견  매수 목표주가  원 상향  목표주가는  년 EPS  원에 Target PER배현대차와  동일한 밸류에이션 부여년 글로벌  금융위기 년 코로나  쇼크 당시 수준으로  극히 져평가  상태다
4,S-Oil,역사적 저점의 밸류에이션,"목표주가 9.7만원 하향, 역사적 저점의 밸류에이션으로 투자의견 매수 유지::동사에 대한 목표주가를 9.7만원으로 하향한다. 23년 예상 BPS 76,481원에 PBR 1.26배를 적용해 산출하였다. 금번 목표주가 변경은 정제마진과 국제유가 하락에 따라 실적 추정치를 조정하였고, 당초 예상과 달리 러시아 규제가 무색해지며 공급부담 지속되고 있음을 반영하여 적용 멀티플도 기존 대비 10% 할인함에 따른 것이다. 다만, 투자의견은 매수 유지한다. 최근 업황 부진을 감안하더라도 PBR 0.85배의 밸류에이션은 역사적 저점 레벨인 만큼 추가 다운사이드 리스크는 제한적으로 판단됨에 근거한다. 참고로 지금까지 동사 멀티플은 2014~2015년과 2020년 유가 급락 시기에 가장 낮았는데, 그 당시 동사 PBR은 각각 0.92배 및 0.98배 수준이었다.",하이투자증권,2023.06.30,491,97000,Buy,https://ssl.pstatic.net/imgstock/upload/research/company/1688084234003.pdf,S-Oil_하이투자증권_2023.06.30,  Company Brief     솔루엠   Buy  Maintain   SESL 의 회계  부정  여부가  미칠  영향 목표주가 M  원상향  전자부품  실적  하향  ICT 실적  상향을  반영하여  목표주가   상향  목표주가를  기존 원에서  원으로   상향한다 . 년 전자부품의  영업이익을  기존 추정치  대비  하향억원 억원한 반면 ICT는  상향억원 억원했다. 목표 배수는  기존과  같이 전자부품에  배 ICT에 배를 적용했다 . 동사는  연평균   이상 성장하는  시장에서  공격적으로  점유율을  확대하고  있으며 최근 SES Imagotag 이하 SESL의 회계 부정 논란 Pricer의 사업 악화로  반사이익  기회를  맞이했다. SESL의 회계 부정 논란 위 ESL 사업자인  SESL이 회계 부정 논란에  휘말렸다 . 공매도  보고서를  작성한  리서치의  주장은   SESL이 대주주인  BOE와의 거래를  통해 매출과  EBITDA를 부풀렸고   전사 매출의  를 차지하는  VAS 사업의  비중이  실제로는  에 가깝고   월마트로부터의  대규모  수주가  수익성  없는 저가 수주라는  점이다 .  이에 대해 SESL측은 홈페이지에  반박문을  게재하고  외부감사인의  재감사를  통해 회계상  더블 카운팅이  없음을  확인했다는  입장이다. 공매도  보고서  발간 이후 장중  폭락했던  주가는 사측 대응 이후  반등했다 .  SESL의 회계 부정이  사실일  경우 향후 SESL의 영업에  차질이  있을 수 있다. 대형 리테일러들은  ESL 업체 선정 시 재무건전성을  고려한다 . 점포수가  많을수록  수 년에 걸쳐 단계적으로  ESL을 설치하는  것이 일반적이기  때문이다 . ESL 업체의  계속 기업 가정 그리고  그 밑바탕이  되는 재무제표의  신뢰성이  중요한  이유다 . 이 경우 반사이익은  위 업체인  솔루엠에  집중될  공산이  높다. 위 사업자인  Pricer는 대출 상환을  위한 유상증자를  결정할  만큼 사정이  좋지 않다. 위인 중국의  한쇼는  자국 시장 위주로  사업을  확대하는  가운데  서방 시장에서의  레퍼런스가  부족하다 . 계속 SESL의 회계 부정이  사실이  아닐 경우 달라지는  것은 없다. 그러나  이번 사태가  솔루엠의 경쟁 우위를  부각하는  계기가  되었음에  주목한다 . 설계제조유통을  수직 계열화하여  산업 내 유일하게  유의미한  수익성을  시현하고  있음은  물론 고객사의  다양한  커스터마이징  니즈에  빠르게  대응하고  있다. 이를 방증하듯  ICT 부문의  영업이익률은  년 .  년 .  년E 로 가파르게  개선되는  추세다 . 년 뒤 ESL 시장 위 년 당시 솔루엠의  목표는  년 뒤 ESL 시장의  위가 되는 것이었다. 참고로  SESL의 년 년 매출 컨센서스는  각각 .억유로 .조원 억유로  .조원이다. 당사가  전망하는  솔루엠의  년 년 ESL 매출은  각각 억원 년 .조원이다 그림. 지금 당장은  격차가  커 보인다 .  다만 최근 동사의  외형 성장률이  산업 성장률을  상회하는  상황에서  SESL  관련 이슈의  전개 방향에  따라 상향 조정될  여지가  열려있다 . 현 시점에서  이를 정량화  하기 어려우나  정성적으로는  향후 수주전에서  동사의 상대 우위가  부각 받을 가능성이  높아진 것으로  판단한다 . 주식 관점에서는  위 업체로서  프리미엄을  받던 SESL의 디레이팅  가능성  솔루엠의  리레이팅  가능성을  기대할  수 있는 요인일  것으로  판단한다 . 계속 종가    원 상승여력  .     Stock Indicator   자본금  십억원  발행주식수   만주 시가총액   십억원  외국인지분율  .  주 주가  원 일평균거래량   주 일평균거래대금  . 십억원   주가수익률  M M M M  절대수익률  . . . . 상대수익률  . . . .  Price Trend    FY   E  E  E  매출액 십억원          영업이익 십억원          순이익 십억원          EPS 원         BPS 원         PER 배 .  .  .  .  PBR 배 .  .  .  .  ROE  .  .  .  .  배당수익률      EVEBITDA 배 .  .  .  .  주 KIFRS 연결 요약 재무제표   전기전자  고의영    ey.kohi ib.com   .................Jun Aug Oct Dec Feb Apr Jun솔루엠Price좌 Price Rel. To KOSPIS   전기전자   솔루엠   HI Research   Q ESL 중심의  실적  호조  전망  Q 실적은  매출 억원YoY  영업이익  억원YoY 영업이익률  .으로 컨센 OP  억원을  상회할  전망이다 . 기존 당사 추정치  대비 매출은  .  영업이익은   조정했으며  부문별로  전자부품과  ICT의 매출을  각각   조정했다 . 전자부품은  TV 수요 회복이  더딘 상황에서  주요 고객사의  년 TV 출하 계획이  기존 만대에서  만대로  하향된  영향이  크다. 다만 TV와 별개로  최근 서버 파워에  대한 시장의  관심이  높다. 주 고객사인  글로벌  위 서버 업체로부터  다수의  신규 프로젝트  확보 H 글로벌  GPU 업체향  파워 공급 계획 등이 해당된다 . 한편 ICT부문은  ESL에 대한 스팟성  오더를  기반으로  기존 계획을  상회하고  있다. 통상 대형 리테일러들은  정해진  스케쥴에  따라 ESL 설치를  요청을  하는 반면 중소 업체들은  리드타임이  짧은 스팟성  오더가  주를 이룬다 . 이 같은 오더는  사측의  사업 계획에  포함되어  있지 않기에  앞으로도  추가 업사이드  요소로  작용할  전망이다 .  표. 솔루엠  연결기준  영업실적  추이  및 전망  단위 십억원  Q  Q  Q  Q  Q  QE  QE  QE      E  E  매출                         YoY .  .  .  .  .  .  .  .  .  .  .  .  QoQ  .  .  .  .  .  .  .  .          전자부품                           YoY .  .  .  .  .  .  .  .  .  .  .  .  QoQ  .  .  .  .  .  .  .  .          ICT                          YoY .  .  .  .  .  .  .  .  .  .  .  .  QoQ  .  .  .  .  .  .  .  .          영업이익  .  .  .  .  .  .  .  .  .  .  .  .  YoY .  .  .  .  .  .  .  .  .  .  .  .  QoQ  .  .  .  .  .  .  .  .          OPM  .  .  .  .  .  .  .  .  .  .  .  .  전자부품   .  .  .  .  .  .  .  .  .  .  .  .  YoY .  .  .  .  .  .  .  .  .  .  .  .  QoQ  .  .  .  .  .  .  .  .          OPM  .  .  .  .  .  .  .  .  .  .  .  .  ICT  .  .  .  .  .  .  .  .  .  .  .  .  YoY .  .  .  .  .  .  .  .  .  .  .  .  QoQ  .  .  .  .  .  .  .  .          OPM  .  .  .  .  .  .  .  .  .  .  .  .  자료 솔루엠  하이투자증권    ,0.07853621360041341,"['수요회복더디', '실적하향', '실적상향', '실적호조']",SSL 사업자인  SESL이 회계 부정 논란에 휘말리면서 연평균   이상 성장하는 시장에서 공격적으로  점유율을  확대하고  있으며 최근 SES Imagotag 이하 SESL의 회계 부정 논란 Pricer의 사업 악화로  반사이익  기회를  맞이했다
5,SK바이오사이언스,"약속은 지켰고, 이제는 시장이 화답할 때","사노피, Vaccines Investor Event에서 스카이팩 3상 진입 결정 공식화::29일(현지 시간) 사노피는 Vaccines Investor Event에서 SK바이오사이언스와 공동개발 중인 PCV21 폐렴구균백신 ‘스카이팩(SP0202)’의 임상 2상 데이터 공개와 함께 3상 진입 시점 및 FDA 허가 신청 시점을 구체화했다. 사노피는 First-in-class PCV21 소아 폐렴구균백신으로 3상 진입 예정인 스카이팩의 임상 2상에서 대조군인 PCV13 폐렴구균백신 ‘프리베나13(Prevnar 13)’과 비교 시 우수한 내약성과 면역반응을 확인했다. 또한 PCV13 백신을 접종 받은 소아 대상 교차처방 임상을 통해서 스카이팩의 부스터 백신으로서의 가능성도 함께 확인했다. 사노피는 이번 임상 2상 결과 발표를 통해 최초의 소아 대상 PCV20+ 백신으로써 스카이팩의 경쟁력을 확인했으며, 이에 따라 소아 대상 3상 진입을 공식화했다. 사노피는 향후 타임라인과 관련해 2024년 상반기 3상 개시, 2027년 FDA 허가 신청 계획을 제시했으며, 향후 차세대 PCV21+ 백신 개발도 개시할 예정임을 밝혔다.",SK증권,2023.06.30,337,98000,매수,https://ssl.pstatic.net/imgstock/upload/research/company/1688084442592.pdf,SK바이오사이언스_SK증권_2023.06.30,년 월 일 기업분석     우리금융지주    하반기  선호 종목으로  제시  Analyst 김도하  doha.kimhanwha.com      RA 서주원  juwon.seohanwha.com      Buy  유지 목표주가 유지 원  현재 주가  원 상승여력  .  시가총액  억원 발행주식수  천주 주 최고가   최저가     원 일 일평균  거래대금  .억원 외국인  지분율  .     주주 구성  우리은행우리사주  외 인 .  국민연금공단  외 인 .  노비스 호유한회사  외 인 .   주가수익률  개월 개월 개월 개월 절대수익률  .  .  .  .  상대수익률 KOSPI  .  .  .  .   단위 십억 원 원 배  재무정보    E  E  일반영업이익          순이자손익          충전영업이익          영업이익          지배주주  순이익          EPS         BPS         PER .  .  .  .  PBR .  .  .  .  ROE .  .  .  .  배당성향   .  .  .  .  배당수익률  .  .  .  .   주가 추이    우리금융지주의 Q 실적은  추가 충당금에  의해 컨센서스를  하회할  전망이나  일회성  제외 시 기대치에  부합합니다 . 높은 하반기  기대 DY와 상대적으로  낮은 대손비용률  등을 고려해  업종 선호주로  제시합니다 . Q 지배 순익 억원 YoY 컨센서스  하회 우리금융지주의  Q 지배주주  순이익은  억원으로   YoY 감소하며  시장 컨센서스 억원를  하회할 것으로  추정. 다만 이는 추가 충당금에  의한 것으로  일회성  요인 제외 시 순익은  억원으로 예상됨   원화대출은  기업대출  호조 및 가계대출  감소세  둔화로 . QoQ 증가하나 은행의  분기 NIM은 bp QoQ 하락할  것으로  예상. 이에 순이자이익은   QoQ 감소할  전망. 판매관리비는  비경상적인  요인 없이 전분기와  같은 판관비율  를 가정했고  대손비용률 은 . 로 bp QoQ 로 추정. 경상 비용에 더해 경기 대응을  위한 추가 충당금  억원과  한화오션 대우조선해양  관련 신용공여의  충당금  환입 억원을  함께 고려한  결과임 은행업종  내 top pick으로 제시 우리금융지주를  하반기  은행업종  내 top pick 으로 제시. 은행업종은  NIM 하락과  자산 성장 둔화 대손비용  증가 등 주요 지표가  부정적인  사이클에  있지만  이는 충분히  인지된  재료로써  이미 역사적  하단의  valuation 을 야기. 이 가운데  우리금융지주는  과거 은행 대손비용률의  열위로  인해 peer 대비 할인된  PBR을 받았으나  은행 중심의  지주 구성을 고려하면  현 국면에서는  대형 은행지주  중 가장 낮은 대손비용률을 시현할  것으로 추정됨 . 더불어  하반기  기대 배당수익률 이 대형 은행지주 중 가장 높은 .vs. 사 평균 . 라는 점도 투자 포인트로  작용할  수 있다고  판단. 향후 개년 평균 ROE . 대비 mf PBR  .배는 과도한  저평가  상태로  판단하며  투자의견  매수 및 목표주가   원을 유지함        pt 원우리금융지주KOSPI지수대비우리금융지주    한화리서치      그림 상장 은행지주의  대손비용률  CCR     자료 각 사 한화투자증권  리서치센터     그림 우리금융지주의  valuation discount 와 CCR 격차    자료 각 사 한화투자증권  리서치센터     그림 주요 은행주의  분기별  배당수익률     자료 각 사 한화투자증권  리서치센터   ........Q Q Q Q Q Q Q Q Q Q Q Q Q우리금융 KB금융 신한지주 하나금융......            우리금융 PBR discount  사평균대비CCR gap  우 역축 사평균대비p. . . . . . . . . . . . . . . 우리금융 KB금융 신한지주 하나금융Q QE QE QE,-0.19089450336990677,"['가계대출감소', '자산성장둔화', '순이자마진하락', '순이자이익감소', '컨센서스하회', '대손비용증가', '순이익감소', '지표부정적', '대출호조', '둔화증가']",우리우리은행의 높은 하반기 와 높은 하반기라는 하반기 예상되면서 높은 기대 DY와 상대적으로 낮은 대손비용률 등을 고려해 업종 선호주로 제시된다
6,SK스퀘어,다시 찾아온 기회,"빨리진 SK 쉴더스 매각::지난 28 일 SK스퀘어 손자회사인 SK쉴더스는 유상증자 결정을 공시하였다. 2 조원 규모로 주주배정 방식이다. 이 공시로 전일 SK 스퀘어 주가는 장 중 한때 8.2%까지 하락하였다. SK 쉴더스 매각을 위해 설립한 코리아시큐리티홀딩스(SK 쉴더스 지분 100% 보유)가 1.8 조원의 차입을 일으켜 SK 쉴더스에 지급하는 대신 SK 쉴더스 주식을 받는 조건이기 때문에 형식은 유상증자이나 실제는 부채의 이전(SK 쉴더스 → 코리아시큐리티홀딩스)이라고 보는 것이 타당하다. 2 천억원은 SK쉴더스의 최대주주로 등극 예정인 EQT가 참여가 예정된 것으로 SK 스퀘어의 참여는 없다. 모든 딜이 완료되는 7 월 20 일 이후에는 SK스퀘어는 코리아시큐리티홀딩스 지분 32%를 보유하게 되고, EQT가 68%를 보유하게 된다. 결과적으로 전일 유상증자 공시는 부채의 단순 이전 과정에서 발생한 유상증자와 예정된 EQT 의 유상증자라는 측면에서 최근 논란이 된 지주회사의 자회사 유상증자 이슈와는 별개의 사안이다.",SK증권,2023.06.30,316,62000,매수,https://ssl.pstatic.net/imgstock/upload/research/company/1688081846502.pdf,SK스퀘어_SK증권_2023.06.30,   ..  실적 Preview  MARKETPERFORM  Main tain 목표주가  원 주가 원   시가총액  억원 화학정유 Analyst 정경희  caychungkiwoom.com   RA 신대현  shind  kiwoom.com   Stock  Data KOSPI  .pt 주 주가동향   최고가  최저가  최고최저가  대비 원 원 등락률  . . 수익률  절대 상대      M . . M . . Y . .  발행주식수   천주 일평균  거래량 M  천주 외국인  지분율   . 배당수익률 E  . BPSE  원 주요 주주 박철완  외 인 .    투자지표  십억원    F F 매출액  .  .  .  .  영업이익  .  .  .  .  EBITDA  .  .  .  .  세전이익  .  .  .  .  순이익  .  .  .  .  지배주주지분순이익  .  .  .  .  EPS원          증감률 YoY  .  . . . PER배 . . . . PBR배 . . . . EVEBITDA 배 . . . . 영업이익률  . . . . ROE  . . . . 순차입금비율  . . . .            Price Trend      금호석유   분기 스팟 대비 저조할  수익성  동사는  분기 매출액  .조QoQ  YoY  및 영업이익  억원QoQ  YoY 를 추정한다 . 분기 정기 보수 및 시황 약세에  따른 가동율  조정이 매출액  감소에  영향을  미칠  것으로 보인다. 영업이익은  당초 추정치  대비 하향하였는데 이유는  분기 대비 고가의  분기 Butadiene  투입 영향에  따른다 . Butadiene 소진 속도에  따라 분기에도  이어질  수 있다. 추정치  하향으로  목표주가는   원으로  하향하며  현재 주가와의  괴리율이   미만으로  투자의견 Marketperform 은 유지한다 .    분기 영업이익  전기비  하락 당분간  약세 지속 예상 동사는  분기 매출액  약 .조QoQ  YoY  영업이익  억원QoQ  YoY 로 당사 기존 추정치  및 컨센서스를  하회하는 다소 실망스러운  실적이  예상된다 . 정기보수로  전사 제품군의  가동율  감소 이와 연결된  기타 부분의  가동율  조정 뿐 아니라  분기 업황 개선에  대비해 구매했던  원재료  부담으로  영업이익이  영향을  받은 것으로  보인다 . 즉 주요 원재료인  Butadiene 의 경우 Spot 합성고무 SBR BR 기준 분기 대비 분기 마진이  약 대로 증가한  것으로  나타나지만  분기 고가의  Butadiene 가 일부 투입되며  Spot 마진 대비 합성고무  이익률은  저조한  것으로  예상되며  이 영향은  분기까지  지속될  수 있다   수익성 정체와 별개로 긍정적 요인 가지 동사는  수익성 측면에서는  당초 기대를  하회할  가능성이  있지만  영업외  측면에서는  긍정적인  내용들이  있다. 년말 기준 부채비율   현금성자산 약 억원 수준의  양호한  재무건전성 으로 금리 변화기에  유리한  상황이며 현재 합성고무  NBLatex 합성수지  Phenol chain 등 주요 제품군이  모두 약세로  향후 수익성 하방보다  상방 가능성이  크다고  볼 수 있기 때문이다 . 또한  월 일 기한의  자사주  억 매입 세 경영 시작을 감안시  이후 동사의  신성장 전략이 구체화될 것으로  기대한다 . 상대적으로  비교하면  순수화학군에서  NCC대비 감익 폭은 크지 않고 재구구조는 탄탄하며  신성장  스토리가  하반기  혹은 내년 상반기에  가시화되는  시점으로 볼 수 있다.    목표주가  원 하향 MARKETP ERFORM  유지 동사의  년 영업이익은  여타 국내 기초화학사  대비 비교적  견조한  수준의  억원YoY 을 추정하며  재무구조  또한 순현금 약 억원년말로 양호하다. 다만 전방 수요 약세 및 고가의  Butadiene 투입 영향이  분기까지  지속될  것으로  예상함에  따라 이익 추정치  변경 및 이를 반영한  PBR .x ROE 하락에  대한 할인율  적용를 적용하여  목표주가  원을 제시한다 . 투자의견은  현재 주가와의  괴리율이   이내로  기존의견  Marketperform 을 유지한다 .   금호석유    ..         합성고무  타이어  수요 약세 지속되는  듯  동사 합성고무  제품인  SBR BR의 수요는  전방산업인  타이어와  연동된다 . 특히 이중에서 교체 타이어인  RE가 전체 비중의  약 로 RE의 수요 성장이  중요하다.  Passenger Car 및 Light Truck 용 RE의 경우 분기보다  전년비  수요 성장 약세가  다소 진정되고  있으나 Truck 및 Bus용 RE는 글로벌  수요 성장율이  전년비  저조한  상황이다 .  RE 타이어  수요가  정체된  이유에 대하여  코로나  시기 주행거리  감소 인플레이션에  따른 구매 감소 등으로 설명되고 있으나  단기간에  이러한  추세가  바뀌지  않을 것으로  가정하며  합성고무  마진 약세는  당분간  지속될  것으로  볼 수 있다.   단 동사는  년 하반기부터  SBR Capa 를 NBLatex로 전환하기에  BR 역 만톤 SBR 약 만톤기존 만톤으로 합성고무  마진 영향이  감소하는  국면에  있으므로  RE 타이어  약세 영향은  감소할  것으로  보인다 .  코로나 수혜 제품으로 볼 수 있는 NBLatex의 경우 동사를 포함한 글로벌 생산사들의 증설로 현재 수요 정상화 및 증가한 공급 Capa 영향에 따라 마진 약세가 이어지고 있다. 이 또한 당분간 늘어난 공급 여력을 수요 성장이 따라올 때까지 시간이 필요한 상황이다.   OE 타이어  YoY 변화 Passenger Car 및 Light Truck  OE 타이어  YoY 변화 Truck 및 Bus . . . . . . . . . . . . . . .서부 중앙유럽 북미 중미 중국 전세계 . . . . . . . . . . . . . . .서부 중앙유럽 북미 중미 남미 전세계  자료 미쉐린  키움증권  리서치  주 년 월 이후 월별 data  RE 타이어  YoY 변화 Passenger Car 및 Light Truck  RE 타이어  YoY 변화 Truck 및 Bus . . . . . . . . . . . . . . .서부 중앙유럽 북미 중미 중국 전세계 . . . . . . . . . . . . . . .서부 중앙유럽 북미 중미 남미 전세계  자료 미쉐린  키움증권  리서치  주 년 월 이후 월별 data         ,0.06327110578419859,"['영업이익하락', '컨센서스하회', '가동률감소', '원재료부담', '수익성정체', '매출감소', '업황개선', '기대하회', '하방상방', '수요약세', '수요성장', '성장약세', '수요정체', '구매감소', '마진약세']","매번 주 주가동향에서, 목표주가는  원으로 하향하고, 목표주가는  원으로 하향하며, 목표주가는  원으로 하향하며 현재 목표를 하향하였는데, 이 조정은 매출액 감소에  영향을  미칠  것으로 보인다"
7,SK텔레콤,조비 날다. 나도 좀 날자,"투자의견 매수(Buy), 목표주가 77,000원 유지::23E 별도 EBITDA 4.2조원에 EV/EBITDA 4.9배(LTE 도입 초기 ARPU 상승기인 12~15 평균) 적용 후 자회사 가치를 합산한 SOTP 기준으로 목표주가 산정 통신업종 공통으로 타겟 PER 13배(LTE 도입 초기 ARPU 상승기인 12~15 평균)를 적용하나, SKT는 별도 EBITDA에 기반한 배당정책을 적용하고 있어서, EV/EBITDA를 적정가치 산정에 적용. 23E EPS 대비 PER 17배에 해당",대신증권,2023.06.30,387,77000,Buy,https://ssl.pstatic.net/imgstock/upload/research/company/1688082926625.pdf,SK텔레콤_대신증권_2023.06.30,   금속   투자의견  BUY M    목표주가  원 D   현재주가   원    상승여력      시가총액  억원 총발행주식수   주 일 평균 거래대금  억원 일 평균 거래량  주 주 고 원 주 저 원 외인지분율  .  주요주주  영풍 외  인  .    주가수익률  개월 개월 개월 절대 . .  . 상대 . .  . 절대달러환산  . .  .  QE 영업이익  억원 추정 yoy  qoq   별도 Q 영업이익은  억원으로  전망. 월 LME 아연 및 연 은 평균가격은  각각 달러톤 달러톤 .달러온스를 기록 은 가격은 전분기월비  상승했으나  아연과 연은 각각   하락. 연 판매량은 당초 만톤 수준으로 예상했었으나 정기 보수 등에 따라 만톤을 하회할 것으로 추정. 지난 월 년 아연 정광 BM TC가 달러톤yoy  으로 결정되며  Q OPM은 전분기비  소폭 개선될 것으로 예상되나 매출액 감소에 따라 영업이익은  전분기와  유사할 것으로 전망.  연결 년 하반기 영업손실  기록 후 Q 흑자전환했던  SMC는 지연되던  신규 전해공장  준공 승인이 Q에 이뤄진 것으로 파악. 다만 초기 가동에 따라 가동률이  하락하며  영업손실을  기록할 것으로 추정.  이익 회복 속도 다소 더딜 수 있어 Q 톤당 달러를 상회했던  아연 가격은  월 하순 달러 초중반까지  하락. 아연은 별도 기준 가장 큰 매출 비중을 차지하고  SMC 역시 아연 제련업을  영위하고  있어 아연 가격 하락은 별도 및 SMC 매출 및 영업이익에  부담을 줄 수 밖에 없어. 년 아연 정광 BM TC가 전년대비  상승했지만  월 달러톤이었던  Spot TC는 월 이후 지속적으로  하락하며 월 하순 달러톤에 머무르고  있어. 연 정광의 경우 년 BM TC가 전년대비  하락한 것으로 파악되며  Spot TC 역시 연초 이후 약세를 보이며 아연과 연 모두 매출원가에  대한 부담이 증가할 것으로 판단. SMC가 Q부터는 정상 생산에 들어가며  다시 흑자전환할 것으로 기대되지만  연결 OPM이 두 자릿수를  회복하는  데는 다소 시일이 걸릴 것으로 전망.  이익 감소 배당 감소로 이어질까  동사는 년 이후 단 한번도 DPS가 감소한 적 없으며 년 였던 배당성향별도도 꾸준히 상승하며  년  상회. 동사의 배당정책 별도 배당성향   이상을 감안할 경우 년 DPS가 전년대비  감소할 가능성도  있으나 현 시점에서는  아직 판단하기  일러. 케이잼은  년부터 상업생산을  시작하고 OPM  를 달성할 수 있다고 가정하여  본 자료부터  연결 실적 추정에 포함.  년 영업이익  및 순이익 추정치 조정에 따라 목표주가를  기존 원에서 원으로 하향하며  투자의견은  BUY 유지.                                         고려아연    수익성  회복 신사업  추진의  밑바탕  Forecasts and valuations  KIFRS 연결 억원 원  배 결산 월 A  A  F  F  매출액          영업이익          지배순이익          PER .  .  .  .  PBR .  .  .  .  EVEBITDA  .  .  .  .  ROE .  .  .  .  자료 유안타증권   Quarterly earning  Forecasts   억원   QE  전년동기대비  전분기대비  컨센서스  컨센서스대비  매출액    .  .    .  영업이익    .  .    .  세전계속사업이익    .  .    .  지배순이익    .  .    .  영업이익률   .  . pt  . pt  .  . pt  지배순이익률   .  . pt  . pt  .  . pt  자료 유안타증권   Company Report   ..    고려아연       표 고려아연  실적 추정 단위 십억원   E  E  Q Q Q Q Q QE  QoQ YoY QE  QE  매출액                    . .       비철금속  제조 및 판매                   . .       별도                   . .       별도 외                   .  .       케이잼                  비철금속  수출입                    . .       폐기물처리  등                   . .       연결조정  등                         영업이익                    . .        이익률  . . . .  .  . . . . .p  .p  . .  비철금속  제조 및 판매                   . .         OPM  . . . .  .  . . . . .p  .p  . .  별도                   . .         OPM  .  . .  .  .  .  . . . .p  .p  . .  별도 외                   적전 적전        OPM  . . . . . .  .  . . .p  .p  . .  케이잼                    OPM    .             비철금속  수출입                    흑전 .         OPM  . . . . . . . . . .p  .p  . .  폐기물처리  등                   적지 적전        OPM  . .  .  . . . .  .  .  .p  .p  .  .   연결조정  등                         세전이익                    .  .        이익률  . . . . .  . . . . .p  .p  . . 지배순이익                    . .        이익률  . . . . .  . . . . .p  .p  . . 자료 유안타증권  주 부문별  수치는  연결조정  전 기준  표 고려아연  실적 추정 변경 내역 단위 십억원  변경 전   변경 후   변경 전 대비    QE  E  E  QE  E  E  QE  E  E  매출액              . . . 영업이익              .  .  .  OPM . . . . . . .p  .p  .p  지배순이익              .  .  . 자료 유안타증권    ,3.381174691645857e-05,"['가동률하락', '수익성회복', '매출감소', '가격하락', '이익감소']",월 LME 아연 및 연 은 평균가격은  각각 달러톤 달러톤달러온스를 기록 은 가격은 전분기월비  상승했으나 아연과 연은 각각  하락하여 평균가격은  각각 달러톤 달러톤달러온스 기록 판매량은 당초 만톤 수준으로 예상했었으나 정기 보수 등에 따라 만톤을 하회할 것으로 추정되며 아연 가격은 월 하순 달러 초중반까지  하락했다
8,SK하이닉스,디커플링 본격화,"마이크론 실적 발표 → 디커플링 근거 강화::2분기 매출액 6.8조원(+34%, 이하 QoQ), 영업손익 -2.3조원(적자지속)을 전망한다. 전일 마이크론 실적 발표를 통해 경쟁사들 대비 2분기 동사의 차별화된 실적 근거가 확대됐다는 판단이다.:- 마이크론 대비 강한 ASP: 2분기 ASP 강세 요인은 DDR5와 HBM3다. 128GB DDR5 제품과 HBM3를 유일하게 판매하고 있는 동사를 중심으로 특히 확인된 동향이다. DRAM ASP 변화율은 SK하이닉스 -8%(추정), 마이크론 약 -10%로 유사하나, B/G(SK하이닉스 +45%(추정), 마이크론 +10%대)를 감안시 강도의 차이 확인된다.:- 마이크론도 언급한 차별적 수요: HBM3 수요 강세 및 DDR5 침투율 확대 동향(FY1Q24 DRAM 비중, DDR5>DDR4 예상)을 언급했]다. 이번 Cycle의 업황 변곡점이 앞당겨지는 배경에 대한 확신이 강해질 것으로 기대된다. Up-Cycle 기대감이 구체화되는 시작점이다.",신한투자증권,2023.06.30,465,150000,매수,https://ssl.pstatic.net/imgstock/upload/research/company/1688082746699.pdf,SK하이닉스_신한투자증권_2023.06.30,...기술분석보고서기술이호수전문연구원광진실업 작성자금속  요약  기업현황  시장동향  기술분석  재무분석  주요 변동사항 및 전망작성기관 NICE평가정보주이보고서는시가총액억원미만의중소형기업에대한투자정보확충을위해발간한보고서입니다.본보고서는투자의사결정을위한참고용으로만제공되는것이므로투자자자신의판단과책임하에종목선택이나투자시기에대한최종결정을하시기바랍니다.따라서본보고서를활용한어떠한의사결정에대해서도본회와작성기관은일체의책임을지지않습니다.본보고서의요약영상은유튜브로도시청가능하며영상편집일정에따라현재시점에서미게재상태일수있습니다.카카오톡에서한국IR협의회채널을추가하시면매주보고서발간소식을안내받으실수있습니다.본보고서에대한자세한문의는작성기관TEL. 로연락하여주시기바랍니다.광진실업광진실업 자동차  정밀 기계 및 조선 산업 분야에 적용되는 봉강 철강재 제조기업정보 기준대표자 허유석  허정도설립일자 년 월 일상장일자 년 월 일기업규모 중소기업업종분류열간 압연 및 압출 제품 제조업주요제품 철강 제조 도매시세정보 기준현재가원 액면가원 시가총액 억 원 .발행주식수 주 최고가원 주 최저가원 외국인지분율 .주요주주 허정도 산업용 봉강 철강제품 제조 전문기업 광진실업 이하 동사은 열간 압연 및 압출 제품 제조를 목적으로 년 설립되었으며  자동차  정밀 기계 및 조선 산업 분야에 적용되는 철강재를 주력 품목으로 사업을 영위하고 있다. 동사는 다수의 압연 및 인발설비를 갖추어 이형강  마환봉  필링봉 등을 제조하고 있으며  년 월 KJ모터스 사업부를 설립하여 오토바이  오토바이 부품 관련 의류 액세서리 등을 유통하고 있다.  인발 성형방법 등 가공법 개발로 생산성 향상 및 비용 절감 동사는 전기유도가열을 이용한 이형봉강의 냉간 압연 방법 중공형의 엘엠 가이드 레일의 인발 성형방법 등 가공법을 꾸준히 개발하여 생산성을 향상시키고 비용을 절감하는 등 차별성을 높이고 있다. 사업규모 확대 및 공장신축을 통한 생산효율 확대 동사는 사업규모 확대 및 본사이전 건설을 위한 투자를 진행하고 있다. 공장 신축과 추가 설비 구입 등으로 생산 경쟁력을 향상시키며 제조업체로서의 입지를 강화하고 있다. 이를 통해 고부가가치 제품인 특수형강 봉강의 매출 비중을 확대하여 경쟁력 우위를 유지할 것으로 기대된다 . 브랜드별 프로모션 활동 강화로 KJ모터스 매출 신장 기대 년 기준 동사의 KJ모터스 사업부 매출 비율은 약 이다. 부산광역시 울산광역시  경상남도 지역에서의 할리데이비슨  트라이엄프 및 두카티 독점 취급업체인 경쟁력을 확보하고 있다. 할리데이비슨은 창사 주년 스페셜 모델 출시 및 신규 CVO 투어링 모델 출시를 통해 공격적인 마케팅을 수행하고 있으며  태국공장 생산을 통해 안정적인 제품 공급이 가능해 공급의 안정화가 예상된다 . 더불어  라인업 강화와 브랜드 내 교차 판매를 통해 고객층 확보 및 매출 신장이 기대된다 .요약투자지표KIFRS연결기준   구분 년매출액억 원증감영업이익억 원이익률순이익억 원이익률ROEROA부채비율EPS원BPS원PER배PBR배  .  .  . . . .    .   .  .  . . . .   . .   .  .  . . . .   . . ,0.3685793993353495,"['매출비중확대', '생산성향상', '투자확충', '매출신장']","NNE평가정보주이보고서는 총액억원미만의중소형기업에대한 투자정보확충을위해발간한보고서이자, 주요 변동사항 및 전망작성기관 NICE평가정보주이보고서는시가총액억원미만의중소형기업에대한투자정보확충을위해발간한보고서이자, 투자자의사결정을위한참고용으로만제공되는것이므로투자자신의판단과책임하에종목선택이나투자시기에대한최종결정을하시기바랍니다"
9,고려아연,"수익성 회복, 신사업 추진의 밑바탕","2Q23(E): 영업이익 1,400억원 추정 (yoy -63%, qoq -4%)::1) 별도: 2Q 영업이익은 1,550억원으로 전망. 3~5월 LME 아연 및 연, 은 평균가격은 각각 2,737달러/톤, 2,116달러/톤, 23.8달러/온스를 기록, 은 가격은 전분기(12~2월)비 +3% 상승했으나 아연과 연은 각각 -14%, -3% 하락. 연 판매량은 당초 11만톤 수준으로 예상했었으나 정기 보수 등에 따라 10만톤을 하회할 것으로 추정. 지난 4월 2023년 아연 정광 BM TC가 274달러/톤(yoy +19%)으로 결정되며 2Q OPM은 전분기비 소폭 개선될 것으로 예상되나 매출액 감소에 따라 영업이익은 전분기와 유사할 것으로 전망. 2) 연결: 2022년 하반기 영업손실 기록 후 1Q 흑자전환했던 SMC는 지연되던 신규 전해공장 준공 승인이 2Q에 이뤄진 것으로 파악. 다만 초기 가동에 따라 가동률이 하락하며 영업손실을 기록할 것으로 추정.",유안타증권,2023.06.30,258,600000,Buy,https://ssl.pstatic.net/imgstock/upload/research/company/1688081154791.pdf,고려아연_유안타증권_2023.06.30,... 기술이보고서는시가총액억원미만의중소형기업에대한투자정보확충을위해발간한보고서입니다.기술분석보고서상상인컴퓨터서비스작성기관 NICE평가정보주 이지형전문연구원 작성자본보고서는투자의사결정을위한참고용으로만제공되는것이므로투자자자신의판단과책임하에종목선택이나투자시기에대한최종결정을하시기바랍니다.따라서본보고서를활용한어떠한의사결정에대해서도본회와작성기관은일체의책임을지지않습니다.본보고서의요약영상은유튜브로도시청가능하며영상편집일정에따라현재시점에서미게재상태일수있습니다.카카오톡에서한국IR협의회채널을추가하시면매주보고서발간소식을안내받으실수있습니다.본보고서에대한자세한문의는작성기관TEL. 로연락하여주시기바랍니다.  요약  기업현황  시장동향  기술분석  재무분석  주요 변동사항 및 전망상상인상상인IT 중공업  금융업을 보유한 그룹사기업정보기준대표자 유준원  이민식설립일자 년 월 일상장일자 년 월 일기업규모 중견기업업종분류컴퓨터시스템통합 자문 및 구축 서비스업주요제품금융 서비스  네트워크 통합 솔루션 구축조선 설비 제조시세정보기준현재가원 액면가원 시가총액 억 원 .발행주식수 주 최고가원 주 최저가원 외국인지분율 .주요주주유준원  시너지파트너스  김수경  시너지이노베이션 IT 중공업  금융업을 보유한 그룹사 상상인 이하 동사은 년 월 설립당시 창원전자 주되어 계전기  전자부품 등의 제조 및 판매를 목적으로 사업을 시작하였다 . 이후 년 코스닥에 상장하였으며  년 네트컴을 흡수합병하여 네트워크 솔루션 사업 분야를 추가하였고  년 월 상상인으로 상호를 변경하면서 조선 기자재 제조업  저축은행업 계열사를 보유하고 있는 그룹사 체제로 전환하였다. 현재 매출에서 차지하는 비중은 금융 . 조선 . 정보통신  . 전산프로그램 . 이다. 네트워크 통합 솔루션과 크레인 제조 기술 동사는 네트워크 통합 솔루션을 보유한 IT 시스템 기업으로  글로벌 통신장비 업체들과 협력관계를 맺어 네트워크 설계 및 구축 서비스를 제공한다 . 또한 전용사설망  SDN 클라우드 네트워크 구축을 수행하며  유지보수 및 생산성 지원 서비스를 함께 제공한다 . 조선 기자재 제조업을 영위하는 계열회사를 소유하고 있으며  계열회사는 조선소 자동화 설비 및 크레인  다양한 종류의 데크 머시너리 Deck Machinery 등을 생산한다 . 또한 신규 조선소 건설에 필요한 생산량 예측 레이아웃 구성 시설 및 장비 인력 등에 관한 컨설팅 서비스를 제공한다 . 저축은행 보유 및 금융투자업 영위 그 외 계열회사에는 상호저축은행법에 따라 법률상 허용된 수신 및 여신 등의 예대업무와  내국환업무  금융위원회의 승인을 얻은 부대업무 등을 수행하는 저축은행사가 있다. 또한 리테일 영업 홀세일  IB 등으로 구성된 금융투자사가 있어 주식 채권 및 파생 상품에 대한 중개 업무와 금융투자상품의 판매 및 상담 서비스를 제공한다 .요약투자지표KIFRS연결기준   구분 년매출액억 원증감영업이익억 원이익률순이익억 원이익률ROEROA부채비율EPS원BPS원PER배PBR배  .  .  . . . .   . .   .  .  . . . .   . .   .  .  . . . .   . . ,0.3657382680225145,['투자확충'],"'보고서에대한자세한문의는작성기관TEL 로연락하여주시기바랍니다, 주요 변동사항 및 전망상상인상상인IT 중공업  금융업을 보유한 그룹사기업정보기준대표자 유준원  이민식설립일자 년 월 일기업규모 중견기업업종업종업종업종분류컴퓨터시스템통합 자문 및 구축 서비스업주요제품금융 서비스  네트워크 통합 솔루션 구축조선 설비 제조시세정보기준현재가원 액면가원 시가총액 억 원주요주주유준원  시너지파트너스  김수경  시너지이노"
10,광진실업,"자동차, 정밀 기계 및 조선 산업 분야에 적용되는 봉강 철강재 제조",■ 산업용 봉강 철강제품 제조 전문기업:■ 인발 성형방법 등 가공법 개발로 생산성 향상 및 비용 절감:■ 사업규모 확대 및 공장신축을 통한 생산효율 확대:■ 브랜드별 프로모션 활동 강화로 KJ모터스 매출 신장 기대,NICE평가정보,2023.06.30,153,-9999,no_opinion,https://ssl.pstatic.net/imgstock/upload/research/company/1688079883811.pdf,광진실업_NICE평가정보_2023.06.30,     Key data   현재주가  원    시가총액 십억원  영업이익 F십억원  발행주식수 백만주  Consensus 영업이익F 십억원  유동주식비율  . EPS 성장률F  . 외국인  보유비중  . PEFx   베타M 일간수익률  . MKT PEFx   주 최저가 원   KOSDAQ  . 주 최고가 원    Share  performance   Earnings and valuation metrics  주가상승률  개월 개월 개월 절대주가  . . . 상대주가  . . .  결산기  월       매출액  십억원       영업이익  십억원       영업이익률   . . . . . . 순이익  십억원       EPS 원       ROE   . . . . . . PE 배      . PB 배      . 배당수익률        . 주 KIFRS 별도 기준 순이익은 지배주주 귀속 순이익 자료 티쓰리  미래에셋증권  리서치센터 티쓰리     ..  Not Rated      여전히  성장 중인 오디션 IP 임희석  heeseok.limmiraeasset.com          기업 개요 글로벌  인기 게임 IP 오디션 을 보유한 게임 개발사   PC모바일  게임 사업과  드론 사업 영위. 종속회사로  한빛소프트 한빛드론 존재   Q 기준 게임 부문 매출 비중  드론 부문 매출 비중   오디션이  주요 게임 IP로 누적 매출액  조 천억원. Q  게임 매출 해외 비중  투자 포인트  오디션  IP 중심으로 게임 부문 성장 지속  숙련된 서비스 운영 노하우를  기반으로 오디션  IP를 년간 안정적으로 운영 중  오디션 성장세 유지되며  Q 별도 매출 기준 온라인  YoY   모바일   증가   여전히 M AU약 만명의  이상이  신규 유저에서  발생 중인 것으로  추정 중국으로의  추가적인 확장 가능성  년 월 오디션  IP 기반 모바일 게임인  클럽오디션 외자 판호 획득. Q  CBT 계획  PC 오디션이 년간  다져온  중국에서의 높은 I P 인지도를  고려 시 흥행 가능성 존재 적극적인  주주환원 정책  별도 기준 영업이익의   이상은 주주환원 정책에  사용하며 주주가치를 제고  년 월 상장 이후 약 억원 배당 억 자사주 매입 억 규모 주주 환원 추진 년 전망  다가올  중국 모멘텀을  기대  F 연결 매출액  억원f lat YoY  영업이익 억원  YoY  예상  클럽오디션 중국 외에도  메타버스 형태 P C 신작 오디션  라이프 개발 중  오디션 중국 출시 타임라인  진행Q  CBT 예정과 함께 신작 모멘텀  발생 전망 . . .티쓰리 KOSDAQ티쓰리    Mirae Asset Securities  Research  ..  그림 . Q 온라인  매출액 별도기준  그림 . Q 모바일  매출액 별도기준    자료 티쓰리  미래에셋증권  리서치센터  자료 티쓰리  미래에셋증권  리서치센터  그림 . Q 기타 매출액 별도기준  그림 . Q 영업이익 별도기준    자료 티쓰리  미래에셋증권  리서치센터  자료 티쓰리  미래에셋증권  리서치센터  그림 . 티쓰리 주주구성   그림 . 티쓰리 관계사  현황    자료 티쓰리  미래에셋증권  리서치센터  자료 티쓰리  미래에셋증권  리서치센터   Q Q Q Q Q십억원 ......Q Q Q Q Q십억원 ....Q Q Q Q Q십억원 Q Q Q Q Q영업이익 L 영업이익률 R십억원 ,0.3694884902444404,[],"NNIDRS 별도 기준 순이익은 지배주주 귀속 순이익 자료 티쓰리 그리고 높은 매출액을 보유한 게임 개발사, 종속회사로 한빛소프트 한빛드론 존재,  Q 기준 게임 부문 매출 비중  드론 부문 매출 비중  드론 사업 영위"
11,금호석유,"2, 3분기 수익성 스팟대비 저조할 수 있어","2분기 영업이익 전기비 하락, 당분간 약세 지속 예상::동사는 1분기 매출액 약 1.63조(QoQ -6%, YoY -28%), 영업이익 826억원(QoQ -37%, YoY -77%)로 당사 기존 추정치 및 컨센서스를 하회하는 다소 실망스러운 실적이 예상된다. 정기보수로 전사 제품군의 가동율 감소, 이와 연결된 기타 부분의 가동율 조정 뿐 아니라, 2분기 업황 개선에 대비해 구매했던 원재료 부담으로 영업이익이 영향을 받은 것으로 보인다. 즉 주요 원재료인 Butadiene의 경우 Spot 합성고무(SBR, BR)기준 1분기 대비 2분기 마진이 약 50%대로 증가한 것으로 나타나지만, 1분기 고가의 Butadiene가 일부 투입되며, Spot 마진 대비 합성고무 이익률은 저조한 것으로 예상되며 이 영향은 3분기까지 지속될 수 있다",키움증권,2023.06.30,370,136000,MarketPerform,https://ssl.pstatic.net/imgstock/upload/research/company/1688080873977.pdf,금호석유_키움증권_2023.06.30,   . .   실적 점검 Outperform Maintain  목표주가  원상향 주가 원   시가총액  억원    전기전자   Analyst 김지산  jisankiwoom.com   Stock  Data KOSDAQ    .pt  주 주가동향   최고가  최저가  최고최저가  대비 원 원 등락률  .  .  수익률  절대 상대 M .  .  M .  . Y .  .   Company Data  발행주식수   천주 일평균  거래량 M  천주 외국인  지분율   . 배당수익률 E  . BPSE  원 주요 주주 심텍홀딩스  외 .      투자지표  억원 IFRS    E E 매출액          영업이익       EBITDA         세전이익        순이익        지배주주지분순이익        EPS원          증감률 YoY  . .  적전 흑전 PER배 . . . . PBR배 . . . . EVEBITDA 배 . . . . 영업이익률  . . . . ROE  . . . . 순부채비율  . . . .  자료 키움증권    Price Trend . . . . . 원수정주가 좌 상대수익률 우    심텍   실적 저점 통과 수주 회복세   반도체  고객사  감산 과잉 재고 판가 하락이  중첩된  PCB 업종의  극심한  하락 사이클이 곧 마무리될 것이다 . 수주가  회복세를  보이고  있어 분기에  적자폭을  의미있게  줄인 후 분기에  흑자 전환을  시도할  것이다 . 고부가인  SiP와 GDDR용 기판이 회복을 이끌고  있다. 메모리  반도체  비중이  높은 만큼 향후 반도체  업황 회복에  따른 수혜가  예상되고  비메모리  제품군  육성을  통해 구조적  성장을  시도할  것이다 .      수주 회복세  분기 손익분기점  도달 시도 수주가  지난해  말을 저점으로  회복세를  보이고  있고 이를 반영해  실적은  지난 분기를 바닥으로  점차 개선될  것이다 . 분기 매출액은  억원QoQ  YoY  영업이익은  억원적자 축소으로 추정되고 분기에는  손익분기점  도달을  시도할  것이다 . 반도체  고객사  감산 과잉 재고 판가 하락이 중첩된  PCB 업종의  극심한  하락 사이클이 조만간  마무리될  것이다 .  우려보다  양호한  실적 흐름이라고  판단되며  목표주가를  원으로 상향한다.     월별 수주액은  지난해  말 만달러에서  최근 월에는 만달러까지  증가할  것으로  추정된다 . 스마트폰  수요 약세에  따라 MCP 등 모바일  제품군은 미흡하지만  SiP와 GDDR용 기판 등 고부가  MSAP 제품이  회복을  주도하고 있다.    SiP와 GDDR  기판이  회복 주도 반도체  업황 회복 시 수혜  동사의  성장 동력인  SiP는 응용처  다변화가 기대된다. 현재는  대부분  웨어러블기기용이지만  자율주행  위성 분야 등으로  확대될  것이다. 신규로  모바일용  RFSiP 시장 진입을  시도하고  있고 이르면  연말부터  양산을  시작할  계획이다. GDDR용 기판은  그래픽카드  게임 콘솔향으로  수요가 증가하고 있다.  FCCSP는 데이터센터  버퍼 IC SSD 컨트롤러용  등 고가 제품 위주로  시장 대응을  강화할  계획이다 .  동사의  사업 포트폴리오는  메모리  반도체  비중이  높기 때문에  하반기  이후 반도체 업황 회복에  따른 수혜가 예상되며  DDR 제품군  매출이  확대될  것이다. 이와 함께 SiP FC CSP GDDR 기판 등 비메모리  제품군을 육성하며  지속 성장을 시도할  계획이다 .    Prismark 에 따르면  패키지  기판 시장매출액  기준은 올해  역상장한  이후 년간 연평균  성장할  전망이다 . 제품별로  FCBGA와 SiP의 고성장세가 돋보일  것이다 .  심텍    . .          심텍 분기별  실적 전망 단위 억원  Q QE QE QE QE QE QE QE  YoY E  YoY   E YoY   매출액                    .    .    .  메모리모듈            .    .    .   PC          .  .   .   서버           .    .    .  SSD          .   .   .  패키지기판                    .    .    .   BOC           .   .   .  MCP                  .    .    .  FCCSP           .    .    .   기타           .    .    .  영업이익            .   적전  흑전 영업이익률  .  . . . . . . . .  .p  . .p  . .p  순이익            .   적전  흑전 자료 심텍 키움증권  제품별  PCB 시장 성장률  전망 범용 저층MLB중층MLB고층MLB HDI 패키지기판 FPCB 합계  자료 Prismark  키움증권   심텍 FCCSP와 SiP 매출 추이 및 전망           E E억원 FCCSP SiP 자료 심텍 키움증권   ,-0.012733616237078499,"['바닥점차개선', '영업이익적자전환', '순이익적자전환', '판매가격하락', '영업이익적자', '구조적성장', '실적저점', '수주회복', '업황회복', '저점회복', '실적바닥', '적자축소', '우려양호', '수요약세', '수요증가', '매출확대', '제품성장']",손회회사에 따르면 향후 반도체 업황 회복에 따른 수혜가 예상되고 비메모리 제품군 육성을 통해 구조적 성장을 시도할 예정이며 적전 흑전 흑전 PER배를
12,기아,또 서프입니다,"투자의견 매수, 목표주가 155,000원 상향(+11%)::목표주가는 2023년 EPS 22,170원에 Target PER 7.0배(현대차와 동일한 밸류에이션) 부여. 연간 이익체력 10조원의 이익체력에도 불구, 밸류에이션은 2008년 글로벌 금융위기/2020년 코로나 쇼크 당시 수준으로 극히 져평가 상태. 2023년 예상 DPS 5,000원 기준, 배당수익률 5.8%. 피크아웃 우려에 따른 하방 리스크 대비, 투자 실익이 더 큰 상황으로 편안한 매수 구간으로 판단",대신증권,2023.06.30,748,155000,Buy,https://ssl.pstatic.net/imgstock/upload/research/company/1688083719773.pdf,기아_대신증권_2023.06.30,          SK바이오사이언스  KS 매수유지  T.P  원상향 약속은  지켰고  이제는  시장이  화답할  때 사노피  Vaccines Investor Event 에서 스카이팩  소아 대상 상 진입 공식화  공개된  임상 상 결과를  통해 우수한  내약성과  면역반응  확인 년 상반기  상 개시 년 FDA 허가 신청 계획도  함께 공개 월 간담회  당시 제시한  다수의  단기 마일스톤  모두 지켜지며  순항 중 실적에  따른 주가 하방은  확인. 지속 발표된  중장기  성장 모멘텀  기반 반등 예상  Analyst  이동건  dgleesks.co.kr          사노피  Vaccines Investor Event 에서 스카이팩  상 진입 결정 공식화  일현지 시간 사 노 피 는  Vaccines Investor Event 에서 SK바 이 오 사 이 언 스 와  공 동 개 발  중인 PCV  폐 렴 구 균 백 신  스 카 이 팩 SP 의 임상 상 데 이 터 공 개 와 함께 상 진입 시점 및 FDA 허가 신청 시 점 을 구 체 화 했 다 . 사 노 피 는  Firstinclass PCV 소아 폐 렴 구 균 백 신 으 로  상 진입 예 정 인 스 카 이팩의 임상 상 에 서 대 조 군 인  PCV 폐 렴 구 균 백 신  프 리 베 나 Prevnar  과 비교 시 우 수 한 내약성과 면 역 반 응 을  확 인 했 다 . 또한 PCV 백 신 을 접종 받은 소아 대상 교 차 처 방  임 상 을 통 해 서 스 카 이팩의 부 스 터 백 신 으 로 서 의  가 능 성 도  함께 확 인 했 다 . 사 노 피 는  이번 임상 상 결과 발 표 를 통해 최 초 의 소아 대상 PCV 백 신 으 로 써  스 카 이 팩 의  경 쟁 력 을  확 인 했 으 며  이에 따라 소아 대상 상 진 입 을 공식 화 했 다 . 사 노 피 는  향후 타 임 라 인 과  관 련 해 년 상 반 기 상 개시 년 FDA 허가 신청 계획을 제 시 했 으 며  향후 차 세 대 PCV 백신 개 발 도 개 시 할 예 정 임 을  밝 혔 다.  월 애널리스트 투자자  간담회  당시 제시한  주요 마일스톤  순항 긍정적  월 SK바 이 오 사 이 언 스 는  간 담 회 를  진행 년 예 상 되 는  주요 마 일 스 톤 들 을  다수 제 시 했 다 . 크게 SKYVAX 자체 개발 백신 Glocalization CDMO Endemic  Core Projects mRNA Platform 송도 Global RPD 센터와 관 련 한 내 용 이 었 다 . 고 무 적 인  점은 당시 제 시 한 다수의 프 로 젝 트  관련 제 시 된 주요 마 일 스 톤 들 이  순 차 적 으 로  모두 달 성 되 고  있 다 는 점 이 다. 대 표 적 으 로   CDMO 분 야 에 서 는  지난 월 일 MSD와 차 세 대 자이르 에 볼 라 백신 후 보 물 질  위 탁 생 산  계 약 을 체 결 했 으 며   Endemic 분 야 에 서 는  스 카 이 코 비 원 의  영국 MHRA 품 목 허 가  승인 WHO 의 긴 급 사 용 목 록 EUL 등 재 가 이뤄졌고  송도 RPD 센 터 는 월 착공  이번 사 노 피 의  발 표 를 통해 스 카 이 팩  소아 대상 상 진입 결 정 이 발 표 됐 다 . 이는 주 가 의 부 정 적 으 로  작 용 한 높은 공 매 도 잔고 관련 숏 커 버 링 의  관 점 에 서 도  예고된 다 수 의 하 반 기 마 일 스 톤  달 성 을 통해 기 업 가 치 의  상승 모 멘 텀 이  부 각 될 수 있 다 는 점 에 서 긍 정 적 이다. 특히 하 반 기 에 는  건의 Glocalization 계약 체결중동 동 남 아 남미 등 바 이 오 CDMO  기업기술 인수 등도 예 정 돼 있다.  스카이팩  상 개시 결정에  따른 성공확률  상향 반영 목표주가  .만원 목 표 주 가 를  기존 만원 에 서 .만 원 으 로  상 향 한 다 . 사 노 피 의  발 표 를 통해 스 카 이 팩 의  파 이 프 라 인  가치를 성 공 확 률  상향 조 정 을 반 영 하 여  .조 원 으 로  적 용 했 다 . 년 SK바 이 오 사 이 언 스 는  코로나  이후 실적 약화 속 주가 하 방 을 확인 연 이 은 중 장 기 성장 모 멘 텀 으 로  작용할 성 과 들 을  바 탕 으 로  기업가치 상 승 이 기 대 된 다 . 특히 그간 주 가 의 부 담 으 로  작 용 한 공 매 도 관련한 숏 커 버 링 도  지 속 될 모 멘 텀 감안 시 가 속 화 될  수 있는 만큼 펀 더 멘 탈  개 선 에 더 해 질 수급 모 멘 텀 에 도  주목할 필 요 가 있다.   SK Company Analysis  이동건   dgleesks.co.kr     사노피 Vaccines Investor Event 주요 발표 파이프라인    자료 사노피 SK증권   글로벌 폐렴구균백신  시장 규모   Serotype composition per vaccine      자료 사노피 SK증권  자료 사노피 SK증권  스카이팩 SP 임상 상 디자인   자료 사노피 SK증권 ,0.2631020273243706,"['펀더멘털개선', '성장모멘텀', '실적약화']","SK바이오사이언스가 KS 매수유지한 TP 원상향 약속은  지켰고 이 약속은  사노피  Vaccines Investor Event 에서 스카이팩  소아 대상 상 진입 공식화  공개한  임상 상 결과를 통해 우수한 내약성과  면역반응 확인, 차후 타 임 라 인 과  관 련 해년 FDA 허가 신청 시 점 을 구 체 화 했고 향후 타 임 라 인 과  관 련 해년 상 기 상 FDA 허가 신청 시 점 을 구 했다"
13,대동,국내를 넘어 미국에서 고성장 중인 농기계업체,"■ 1947년 설립된 국내 1위 농기계 전문기업으로 주요제품은 트랙터, 콤바인, 이앙기, 경운기 등이며, 트랙터가 주력 제품으로 전체 매출의 80~90% 차지:■ 최근 5개년 수출 매출액 CAGR은 27.9%, 북미지역 수출 CAGR은 31.5%로 가파른 성장세 지속:■ 투자포인트: 1)북미대륙 중소형 트랙터 BIG3업체로 부상한 ‘KIOTI’, 2)자율주행 트랙터로 진화하는 농기계 산업",한국IR협의회,2023.06.30,290,-9999,no_opinion,https://ssl.pstatic.net/imgstock/upload/research/company/1688080509458.pdf,대동_한국IR협의회_2023.06.30,          SK스퀘어  KS 매수유지  T.P  원유지 다시 찾아온 기회  전일 SK스퀘어  손자회사의  유상증자  공시로  장중 한때  이상 주가 하락  하지만  이는 SK스퀘어  자금 투입과  무관하며  예정된  수순임   SK쉴더스  매각이  예상보다  빨라짐에  따라 약속된  자사주  취득 시기도  빨라질  전망  현 주가는  NAV 대비 할인율  로 밸류에이션  정상화  기대  주가 및 상대수익률   주가상승률  절대주가  상대주가  개월 . . 개월 . . 개월 . . . . . . .SK스퀘어 KOSPI대비상대수익률원 Analyst  최관순  ks.choisks.co.kr          자본금  십억원 발행주식수   만주 자사주  만주 액면가  원 시가총액   십억원 주요주주   SK외 .  국민연금공단  . 외국인지분율  .  배당수익률  .    주가   원 KOSPI . pt 주 Beta . 주 최고가  원 주 최저가  원 일 평균 거래대금   십억원  빨리진 SK쉴더스 매각 지난 일 SK스퀘어 손자회사인  SK쉴더스는 유상증자  결정을 공시하였다 . 조원 규모로 주주배정  방식이다 . 이 공시로 전일 SK스퀘어 주가는 장 중 한때 .까지 하락하였다. SK쉴더스 매각을 위해 설립한 코리아시큐리티홀 딩스SK쉴더스 지분  보유가 .조원의 차입을 일으켜 SK쉴더스에  지급하는  대신 SK쉴더스 주식을 받는 조건이기 때문에 형식은 유상증자이나  실제는 부채의 이전SK쉴더스  코리아시큐리티홀딩스이라고 보는 것이 타당하다 . 천억원은  SK쉴더스의 최대주주로  등극 예정인 EQT가 참여가 예정된 것으로 SK스퀘어의  참여는 없다. 모든 딜이 완료되는  월 일 이후에는 SK스퀘어는  코리아시큐리티홀딩스  지분 를 보유하게  되고 EQT가 를 보유하게 된다. 결과적으로  전일 유상증자  공시는 부채의 단순 이전 과정에서  발생한 유상증자와 예정된 EQT의 유상증자라는  측면에서  최근 논란이 된 지주회사의  자회사 유상증자 이슈와는 별개의 사안이다 .  약속된 주주환원으로 리레이팅  기대 SK스퀘어  주가는  연초 대비  상승하며  양호한  수익률을  기록하였다 . 하지만  SK하이닉스 주가가   상승했기  때문에  NAV 대비 할인율이  의 여전한 저평가  상태이다. SK스퀘어는  당초 월 억원 규모의  자기주식  취득을  고려했는데 최근 SK쉴더스 지분매각이  당초보다  빠르게  진행됨에  따라 자기주식  취득 시기도  빨라질  것으로  예상한다 . 이는 타 지주사  대비 높은 NAV 대비 할인율이  정상화되는  계기가  될 것이며 주가 상승의  트리거로  작용할  전망이다 .  영업실적  및 투자지표  구분 단위    E E E 매출액 십억원       yoy   . . . . . 영업이익  십억원       yoy   . . . . . EBITDA  십억원       세전이익  십억원       순이익지배주주  십억원       영업이익률    . . . . . EBITDA    . . . . . EPS계속사업  원       PER 배  . . . . . PBR 배  . . . . . EVEBITDA  배  . . . . . 배당수익률    . . . . . ROE   . . . . . 순차입금  십억원       부채비율    . . . . .   SK Company Analysis  최관순   ks.choisks.co.kr      전일 공시된 유상증자  구조   자료 SK 증권  SK쉴더스 지분매각  후 지배구조  변화   자료 SK 증권  SK스퀘어  NAV 대비 할인율  추이   SK스퀘어와  SK하이닉스  시가총액  상대 변화    자료 SK 증권   자료 SK 증권 주 SK스퀘어  상장 이후 종가     코리아시큐리티홀딩스SK쉴더스현금.조원주식지급유상증자 코리아시큐리티홀딩스SK쉴더스현금.조원주식지급유상증자 EQT차유상증자 차유상증자 현금.조원주식지급유상증자 코리아시큐리티홀딩스SK스퀘어SK쉴더스블루시큐리티인베스트먼트코리아시큐리티홀딩스SK스퀘어SK쉴더스EQT현재지배구조 딜종료후지배구조       SK스퀘어SK하이닉스 종가              ,0.19873587151681518,[],"지난일 SK쉴더스의 유상증자 결정에 대해  SK스퀘어는  코리아시큐리티홀딩스  지분 를 보유하게 되며, 천억원은  SK쉴더스의 최대주주로 등극 예정인 EQT가 참여가 예정된 것으로 SK스퀘어의  참여는 없지만 모든 딜이 완료되는 월 일 이후에는  코리아시큐리티홀딩스  지분 를 보유하게 되고  EQT가 를 보유하게 된다"
14,덕산네오룩스,실적 + 모멘텀 개선 구간 진입,"목표주가 59,000원으로 상향 조정::• 12개월 선행 EPS에 Target P/E 30배 적용(기존 유지):• 향후 전방 수요에 대한 면밀한 관찰이 필요하지만, 현 시점 OLED 포함 디스플레이 업황은 공격적인 공급 축소로 인하여 공급 과잉이 점진적으로 해소되는 구간으로 판단:• 과거 OLED 업사이클은 1) LCD 수급 개선 → 2) LCD 패널 가격 상승 → 3) 대체제인 OLED 채택율 상승 순서로 진행되었으며, 유의미한 수요 개선이 동반될 경우 전방 고객사들의 신규 투자가 집행되었음:• 현 시점 업황의 반등은 유의미한 수요 개선보다는 극단적인 공급 축소(Shutdown 및 가동률 조정)에 기인하기에 대규모 투자 사이클 진입에는 시간이 필요할 것으로 판단:• 다만, 최근 삼성디스플레이의 8.6세대 신규 투자(24년 이후 IT 용 OLED)로 인하여 중장기 신규 수요처 확대 기대. 다운 사이클 당시 준비되었던 신규 제품 포트폴리오로 24년부터 본격적인 실적 성장 구간에 진입할 것으로 판단",미래에셋증권,2023.06.30,298,59000,매수,https://ssl.pstatic.net/imgstock/upload/research/company/1688084624102.pdf,덕산네오룩스_미래에셋증권_2023.06.30,    기업분석  ..  www.daishin.com     Issue  News  SK텔레콤      조비 날다. 나도 좀 날자 김회재   hoijae.kimdaishin.com      투자의견  BUY  매수 유지 개월 목표주가    유지  현재주가  ..    통신서비스업종     SKT의 UAM 파트너사  Joby 주가 급등. 양산형 기체 출시 영향   SKT는 G 상공통신망  Tmap 데이터 AI 역량 등을 제공  본업도 개선 중. G MS . 까지 확대. 주주환원도  매력적 수익률   투자의견  매수Buy 목표주가  원 유지 E 별도 EBITDA . 조원에 EVEBITDA . 배LTE 도입 초기 ARPU 상승기인   평균 적용 후 자회사 가치를 합산한 SOTP 기준으로  목표주가  산정 통신업종  공통으로  타겟 PER 배LTE 도입 초기 ARPU 상승기인   평균를 적용하나  SKT는 별도 EBITDA에 기반한 배당정책을  적용하고  있어서 EVEBITDA 를 적정가치  산정에 적용. E EPS 대비 PER 배에 해당  SKT의 UAM 파트너사  주가 급등. 양산형 기체 출시 영향  Joby AviationJOBY . 상승 YTD 상승율은  .  Joby는 SKT의 UAMUrban Air Mobility.  도심항공교통  파트너사로서  UAM 기체를 제작하는  회사. 급등 이유는 Confirming Aircraft 즉 지금까지  시험용으로  만들었던 항공기를  테스트하면서  문제된 부분들을  모두 수정 반영해서  설계한 대로 양산한 첫 번째 제품이 출시된 영향. 향후 FAA미국 연방항공청 에서 이 기체를 최종 승인하면  FAA Confirming Aircraft 가 되면서 최종 양산 버전이 되는 것 Joby는 년에 Edwards 미공군기지에  대 납품 등 미공군과  대 납품 계약을 체결하면서  이미 미 정부로부터도  인정을 받고 있는 사업자 Joby의 기체 사양은 최대 이동거리  km 최고 속도 kmh  최고 고도 m로 누적 km 비행과 회 이상의 테스트 비행 달성  SKT는 G 상공통신망  Tmap 데이터 AI 역량 등을 제공 현재 한국에는  SKT 컨소시엄을  포함해서  개의 컨소시엄이  국토주 주관의 KUAM Grand Challenge 에 참여 중 GC 단계 실증은 고흥에서  .. 월 기간 동안 진행. GC 단계 실증은 ..월 기간 동안 준도심 지역에서  진행. GC 단계 실증은 도심에서 .. 월 기간 동안 진행. 상용화는  년말로 예정 SKT 컨소시엄은  Joby와 독점 파트너십  체결. Joby의 기체를 년 여름부터  한국에서 직접 테스트해서  년말 상용화에  성공하겠다는  계획 SKT의 역할은 G 상공통신망  구축 및 방대한 Tmap Mobility 의 데이터 및 AI 역량을 기반으로  UAM 수요 분석 및 데이터 협력 등 비즈니스  모델을 발굴하는  작업 아직 UAM의 비즈니스  모델이 구체화되지  않았고 SKT의 관련 매출을 추정하기도  어렵지만  SKT UAM의 년말 상용화 가능성은  높아졌다고  판단 본업도 순항 중이고 주주환원도  매력적. .월 기준 G MS . 까지 확대 분기 배당을 하는 SKT의 최소 DPS는 연환산 .천원.천억원 수익률 .. 하나금융과  SKB로부터의  배당금 유입액 천억원을  배당에 활용할 경우 .천원 수익률 .. 총 예산 .천억원을  배당과 자사주 취득소각으로  배분할 가능성  ESG평가 등급 S A A B B C D  KOSPI .  시가총액  십억원 시가총액비중  . 자본금보통주 십억원 주 최고최저 원  원 일 평균거래대금  억원 외국인지분율  .  주요주주   SK 외  인 .    국민연금공단  .    주가수익률  M M M M 절대수익률  .  .  .  .  상대수익률  .  .  .  .  . . . . . 천원 SK텔레콤 좌Relative to KOSPI 우 SK텔레콤           영업실적  및 주요 투자지표  단위 십억원 원   A A F F F 매출액           영업이익            세전순이익            총당기순이익            지배지분순 이익           EPS           PER .  .  .  .  .  BPS           PBR .  .  .  .  .  ROE .  .  .  .  .  주 EPS와 BPS ROE는 지배지분  기준으로 산출  자료 SK텔레콤 대신증권  Research Center   그림 . Joby Aviation Production Launch.  . Joby 및 SKT 관계자들   자료 SKT 대신증권  Research Center         ,0.2030783032786018,[],SKT는 G 상공통신망  Tmap 데이터 AI 역량 등을 제공  본업도 개선 중이며 향후 FAA미국 연방항공청에서 이 기체를 최종 승인하면 FAA Confirming Aircraft가 되면서 최종 양산 버전이 되는 것으로 나타났다
15,디티앤씨알오,"IT를 품은 BT, 풀서비스 CRO 전문기업","■ Full Service CRO(임상시험수탁기관)를 위한 HW(연구센터) 및 SW(IT 솔루션)를 보유한 CRO 전문기업:■ 2024년부터 다시 성장 사이클로의 진입 기대: 2023년 효능평가센터(24억원→150억원) 및 안전성평가센터(220억원→280억원) CAPA 확대, 2024년 국내 유일의 PK/PD(약물동태/약력학)센터 오픈(CAPA 400억원) 예정:■ 전기, 전자, 정보통신 등의 분야에서 최고의 시험서비스를 제공하는 IT 기술 전문기업인 모회사(디티앤씨)와의 협업을 통해 차별화된 선진화된 CRO 비즈니스를 위한 IT 솔루션 기술을 보유:■ 밸류에이션은 2023년 예상실적 기준 PER 14.0배, PBR 1.3배, PSR 1.4배 수준으로 동종기업 및 해당 섹터 밸류에이션 대비 저평가",한국IR협의회,2023.06.30,146,-9999,no_opinion,https://ssl.pstatic.net/imgstock/upload/research/company/1688080431976.pdf,디티앤씨알오_한국IR협의회_2023.06.30,체크포인트주가및주요이벤트재무지표벨류에이션 지표   기업분석 ㅣ..     KOSPIㅣ자본재  대동   국내를  넘어 미국에서  고성장  중인 농기계업체       년 설립된  국내 위 농기계  전문기업으로  주요제품은  트랙터  콤바인  이앙기  경운기  등이며  트랙터가  주력 제품으로  전체 매출의    차지. 년 매출비중은  내수 . 수출 . 로 북미 수출비중 이 전체 매출액의  . 수출액의  .  차지  최근 개년 수출 매출액  CAGR 은 . 북미지역  수출 CAGR 은 . 로 가파른  성장세  지속. 코로나  이후 북미지역에서  HobbyFarm 및 가드닝케어  수요가  증가하며  중소형  위주 트랙터  판매 호조 지속 동사는  미국 진출 년만에  중소형  트랙터  부문 BIG업체로  부상   투자포인트  북미대륙 중소형  트랙터  BIG업체로  부상한  KIOTI 자율주행  트랙터로  진화하는  농기계  산업                 대동   KOSPI  Analyst 이원재  wonleewjkirs.or.kr  RA 손현정  ssssonkirs.or.kr  자본재      국내를  넘어 북미에서  고성장중인  국내 농기계  위기업   년 설립된  국내 위 농기계  전문기업으로  주요제품은  트랙터  콤바인  이앙기  경운기  등이며 트랙터가  주력제품으로 전체 매출의   차지.  년 매출비중은  내수 . 수출 . 로 북미 수출비중 이 전체 매출액의  . 수출액의  . 차지  북미대륙  BIG업체로  부상하며  고성장세  지속  최근 개년 북미지역  수출 CAGR 은 . 로 가파른  성장세  지속. 코로나  이후 북미지역에서 HobbyFarm 및 가드닝케어  수요가  증가하며  중소형  위주 트랙터  판매 호조 지속 동사는 미국 진출 년만에  중소형  트랙터  부문 BIG업체로  부상  자율주행  트랙터로  진화하는  농기계  산업 존디어가  미국시장에서  농슬라로  불리며  자율주행시장 을 선도하고  있는 가운데  동사는  현재 자율주행  단계 트랙터를  판매 중이며 연내 단계 이상의  제품 출시 예정. 자율주행  기술개발을 위해 년 월 대동KIRO 로보틱스센터  설립  주가는  PER .배 PBR . 배로 저평가  수준  향후 주가는  북미시장  수출 호조 자율주행  등 첨단산업  진출 등 고성장  테크산업으로의  전환으로 저평가  해소 및 Rerating 기대   Forecast earnings  Valuation      F  F  매출액 억원           Y oY  . . . . . 영업이익 억원        OP 마진 . . . . . 지배주주 순이익 억원      EPS원          Y oY  .  . . . . PER배 . . . . . PSR배 . . . . . EVEBIDA 배 . . . . . PBR배 . . . . . ROE . . . . . 배당수익률  . . . . . 자료 한국IR협의회  기업리서치센터   Company Data  현재주가     원 주 최고가   원 주 최저가   원 KOSPI   .p  자본금  억원 시가총액   억원 액면가   원 발행주식수  백만주  일평균  거래량  일 만주 일평균  거래액  일 억원 외국인지분율  .  주요주주  김준식  외 인 .   국민연금공단  .   Price  Relative Performance    Stock Data  주가수익률  개월 개월 개월 절대주가  . . . 상대주가  . . .    참고  표지 재무지표에서  안정성  지표는  이자보상배율 성장성  지표는  영업이익증가율  수익성  지표는  매출총이익률  활동성지표는  총자산 회전율  유동성지표는  유동비율임.  표지 밸류에이션  지표 차트는  해당 산업군내  동사의  상대적 밸류에이션  수준을  표시. 우측으로  갈수록  밸류에이션  매력도  높음.        대동KOSPI원 ..,0.5978696202153174,"['저평가해소', '수요증가', '판매호조', '수출호조']",한국을  넘어 미국에서 고성장 중인 농기계업체(KOSPI)은 년 설립된  국내 위 농기계  전문기업으로 주요제품은  트랙터  콤바인  이앙기  경운기등이며 미국 진출 년만에 중소형 위주 트랙터 판매 호조 지속 동사는 미국 진출 년만에 중소형  위주 트랙터  판매 호조 지속 지속 동사는 미국 진출 년만에 중소형  위주 트랙터  판매 호조 지속 지속 동사는 미국 진출 년만에 중소형  위주 트랙터  판매 호조 지속 지속 동사는 미국 진출 년만에  중소형  위
16,메디톡스,특허 무효 결정에도 달라지는건 없다,"미국 CAFC, ‘새로운 톡신 제형의 긴 지속성 효과’ 특허 무효 결정::27일(현지 시간) 미국 CAFC(연방순회항소법원)는 메디톡스의 ‘Long lasting effect of new botulinum toxin formulations(새로운 보툴리눔 톡신 제형의 긴 지속성 효과, 이하 지속기간 연장 특허)’ 특허를 무효로 한 PTAB(특허심판원)의 결정을 지지한다는 선례 판결(precedential decision)이 공개됐다. 해당 특허는 2018년 메디톡스가 등록한 지속기간 연장 특허(US10143728)로 동물유래 성분 또는 재조합 인간 알부민을 비포함하는 보툴리눔 톡신에 대해 긴 지속성 효과에 대한 내용을 담고 있다. 한편 이번 특허 이슈는 갈더마(Galderma)가 2019년 9월 등록 후 특허취소심판(PGR)을 제기하며 시작됐으며 2021년 7월 PTAB는 갈더마가 제기한 특허에 대한 무효 결정을 내렸으며, 이후 메디톡스의 항소를 거쳐 이번 CAFC의 선례 판결로 이어지게 됐다.",SK증권,2023.06.30,273,410000,매수,https://ssl.pstatic.net/imgstock/upload/research/company/1688082590153.pdf,메디톡스_SK증권_2023.06.30,. .   Compliance Notice   당사는  월 일 현재 상기 언급된  종목을   이상 보유하고  있지 않습니다 .  당사는  동 자료를  기관투자 자 또는 제자에게  사전 제공한  사실이  없습니다 .  동 자료의  금융투자분석사는  자료 작성일  현재 동 자료상에  언급된  기업들의  금융투자상품  및 권리를  보유하고  있지 않습니다 .  동 자료에  게시된  내용들은  본인의  의견을  정확하게  반영하고  있으며  외부의  부당한  압력이나  간섭없이  작성되었음을  확인합니다 .  고지사항   본 조사분석자료는  당사의  리서치센터가  신뢰할  수 있는 자료 및 정보로부터  얻은 것이나  당사가  그 정확성이나  완전성을  보장할  수 없고 통지 없이 의견이  변경될  수 있습니다 .  본 조사분석자료는  유가증권  투자를  위한 정보제공을  목적으로  당사 고객에게  배포되는  참고자료로서  유가증권의  종류 종목 매매의  구분과 방법 등에 관한 의사결정은  전적으로  투자자  자신의  판단과  책임하에  이루어져야  하며 당사는  본 자료의  내용에  의거하여  행해진  일제의 투자행위  결과에  대하여  어떠한  책임도  지지 않으며  법적 분쟁에서  증거로  사용 될 수 없습니다 .  본 조사 분석자료를  무단으로  인용 복제 전시 배포 전송 편집 번역 출판하는  등의 방법으로  저작권을  침해하는  경우에는  관련법에  의하여 민형사상  책임을  지게 됩니다 .           전기전자   Analyst  김지산  jisankiwoom.com    삼성SDI   자동차전지  업황 대비 선전 중   자동차전지 유럽 수요 둔화 우려 딛고 순항 중  유럽 전기차 시장은 월까지 YoY 성장하며 글로벌 성장률  YoY을 하회미국  중국   Volkswagen 중심 PHEV 수요가 부진한데 주요국 PHEV 보조금 소멸 영향으로 해석  동사 자동차전지는 프리미엄 BEV 모델에 집중돼 있어 유럽 수요 둔화 영향 제한적   BMW iX Audi e Tron 등 대상 P 배터리 출하 강세  VW 그룹 내에서도 Audi 및 Porsche 향 매출 비중이 절대적 Audi e Tron 신모델 효과 긍정적   P 배터리 매출 비중 분기 대 후반까지 상승 제품 Mix 개선      자동차전지 중장기 점유율 상승 가시성 높은 상황  차기 프리미엄 배터리 P 신규 수주 호조 내년 말부터 본격 공급   년부터 Stellantis  GM 합작법인 통한 미국 시장 공략 본격화 합작 파트너사 추가 기대  NMx LFP 제품군 통해 볼륨존 공략 예정    자동차전지 주도로 시장 기대치 부합하는 양호한 실적 기조 지속  분기 영업이익 억원QoQ  YoY   전망  분기까지 우상향 이익 기조 이어갈 것       . .         유럽 전기차  판매량  추이  자료 MarkLines  키움증권          천대유럽전기차판매량 좌 증가율 YoY 우,0.17059969394811017,"['수요둔화우려', '매출비중상승', '신규수주호조', '수요부진']","자동차 자동차 전자는  프리미엄 BEV 모델에 집중돼 있어 유럽 수요 둔화 우려에도 불구하고 유럽 전기차 시장은 월까지 YoY 성장하며 글로벌 성장률  YoY을 하회미국  중국   Volkswagen 중심 PHEV 수요가 부진한데 주요국 PHEV 보조금 소멸 영향으로 해석되며,  동사 자동차 전자는 프리미엄 BEV 모델에 집중돼 있어 유럽 수요 둔화 영향 제한적이며 BMW iX Audi e Tron 등 대상 P 배터리 출하 강세 VW 그룹 내에서 ASLS, BMW iX Aud"
17,메쎄이상,안정적 실적 성장이 예상되는 국내 1 위 전시 주최 업체,"국내 1위 전시 주최 업체::메쎄이상은08년설립, 23년 3월 SK증권 제7호 SPAC합병을 통해 상장한 국내 1위 전시 주최 업체이다. 전시 주최 사업이란 코엑스/킨텍스 등에서 열리는 전시/박람회 등을 의미하며 수익구조는 전시 주최를 통해 기업과 바이어(B2B)/소비자 (B2C)를 연결해주고 출품업체로부터 부스 판매 수익을 수취하는 것이다. 얼핏 보면 사업 성장성이 떨어지고 부가가치가 낮은 사업처럼 보일 수 있으나 자세히 보면 시장 매력도가 높고 수익성이 좋은 사업이다. 실제로 동사는 22년 매출액 383억원 (+37.7%, YoY)과 영업이익 86억원 (+51.2%, OPM 22%)을 시현한 바 있다. 현재 주최중인 전시 카테고리는 건축, 의료, 교육 등 총 20개로 연간 약 60회의 전시를 개최 중이다(연간 참관객 150만명).",SK증권,2023.06.30,186,-9999,no_opinion,https://ssl.pstatic.net/imgstock/upload/research/company/1688084349939.pdf,메쎄이상_SK증권_2023.06.30,체크포인트주가및주요이벤트재무지표벨류에이션 지표   기업분석 ㅣ..     KOSDAQ ㅣ제약과생물공학  에이프릴바이오   APBA의 기술수출로  입증된  실력       동사는  년에 연구개발  중심기업으로  설립 단백질의약품  반감기  증대 기술을  바탕으로  바이오  의약품  중 항체치료제와  지속형  재조합  단백질 의약품을  개발 중. 동사는  자체개발  플랫폼  SAFAbody 를 통해 주요 후보물질  APBA과 APBR을 보유  APBA은 자가면역질환  치료제로  년 룬드벡에 기술수출  되면서  SAFA 플랫폼에  대한 기술력을 입증하였고  APBR는 NASH 비알코올성지방간염  적응증으로  기술수출을  목표하고  있음  동사의  글로벌  경쟁사인  Horizon과 Ablynx는 모두 조단위에서  빅파마에  인수. 두 회사의  성공적인  사례를  감안하면  동사 역시 SAFA 플랫폼  적용 파이프라인에서  긍정적인  임상 데이터  발표 시 시가총액  상승 가능하다는  판단               에이프릴바이오    KOSDAQ  Analyst 이달미  talmikirs.or.kr  RA 양준호  junho.yangkirs.or.kr  제약과생물공학     항체 플랫폼  SAFA를 보유한  신약개발  회사 동사는  년에 연구개발  중심기업으로  설립되었으며  인간항체  제작 기술과  단백질의약품  반감기  증대 기술을  바탕으로  바이오  의약품  중 단백질  의약품에  속하는  항체치료제와  지속형  재조합  단백질  의약품을  개발 중. 동사는  자체개발  플랫폼  SAFAbody 를 통해 주요 후보물질  APBA과 APBR을 보유. 동사는  비임상 초기임상  단계까지  개발한  물질에  대해 글로벌  기술수출을  적극적으로  추진 계약금  마일스톤  경상기술료와  같은 기술료  수입을  통해 RD에 재투자하는  형태의  비즈니스  모델을 지향.  주요 후보물질  APBA APB R 동사의  자체개발  플랫폼  SAFAbody는 항체 절편으로  알부민과의  친화도가  높아 알부민을  통해 치료제를  효과적으로  전달하는  Drug Delivery 플랫폼임 . SAFA플랫폼을  활용한  주요 후보물질로는 APBA과 APBR가 있는데  APBA은 자가면역질환  치료제로  년 룬드벡에 기술수출  SAFA 플랫폼에  대한 기술력 을 입증함. 현재 룬드벡에서 미국 임상 상 막바지에 있으며  곧 임상상 돌입 예정. APBR 역시 자가면역  타겟인데 NASH 비알코올성지방간염 치료제로의  가능성이  보여 관련 업체로의  기술수출  기대.  글로벌  항체 플랫폼  업체들  조단위로  빅파마에  인수  동사와  가장 유사한  업체는  Horizon 인데 이 업체는  이미 기존에  자가면역질환  중 하나인  갑상선안병증  치료제  테페자를 보유. 암젠이  이 업체를  년 월 조원에  인수하면서  자가면역질환  치료제에  대한 글로벌  기대감이  높아짐 . 또한 Ablynx라는 업체는  년에 사노피로 조원에  인수되었는데  항체 플랫폼을  보유하고  있다는  점에서  동사와  유사한  사업모델을 보유. Horizon 과 Ablynx와 같이 성공적인  사례를  감안하면  동사 역시 SAFA 플랫폼  적용 파이프라인에서  긍정적인  임상 데이터  발표 시 시가총액  상승은  가능하다는  판단임.  Forecast earnings  Valuation       F  매출액 억원      Y oY  . .  NA . .  영업이익 억원      OP 마진 .  NA . .  . 지배주주 순이익 억원      EPS원         Y oY  적지 적지 적지 적지 적지 PER배 NA NA NA NA NA PSR배 . NA . .  . EVEBIDA 배 NA NA NA NA NA PBR배 NA NA . . . ROE .  .  .  . . 배당수익률  NA NA NA . . 자료 한국IR협의회  기업리서치센터   Company Data  현재주가     원 주 최고가   원 주 최저가   원 KOSDAQ   .p  자본금  억원 시가총액   억원 액면가   원 발행주식수  백만주  일평균  거래량  일 만주 일평균  거래액  일 억원 외국인지분율  .  주요주주  차상훈  외 인 .   유한양행  .   Price  Relative Performance    Stock Data  주가수익률  개월 개월 개월 절대주가  . .  상대주가  . .     참고  표지 재무지표에서  안정성  지표는  부채비율   성장성  지표는    수익성  지표는  ROE 활동성지표는  순운전자본회전율  유동성지표는  유동비율 임.  표지 밸류에이션  지표 차트는  해당 산업군내  동사의  상대적 밸류에이션  수준을  표시. 우측으로  갈수록  밸류에이션  매력도  높음.        에이프릴바이오KOSDAQ원 ..,0.38396760135559777,['기대높'],제약프릴바이오가 APBA의 기술수출로 입증된  기술력을 바탕으로 자체개발  플랫폼 적용 파이프라인에서  긍정적인  임상 데이터  발표 시 시가총액 상승 가능하다고 판단하여  Horizon과 Ablynx가 모두 조단위에서  빅파마에  인수한 것으로 알려졌다
18,미투젠,하반기 신작 출시 본격화,"2분기부터 회복세 돌입::• 1분기 신작 부재와 투자 증가로 부진한 실적 기록(매출액 YoY -6%, 영업이익 -21%):• 2분기 TriPeaks Journey 매출 호조로 탑라인 성장세 회복 전망. 매출액 249억원(+5% QoQ, +6% YoY), 영업이익 77억원(+46% QoQ, -6% YoY) 예상:• 3분기부터 본격 출시되는 신작들로 하반기 탑라인, 바텀라인 동시 개선 전망:• 23F 매출액 1,026억원(+5% YoY), 영업이익 298억원(+1% YoY) 예상",미래에셋증권,2023.06.30,194,-9999,no_opinion,https://ssl.pstatic.net/imgstock/upload/research/company/1688083871678.pdf,미투젠_미래에셋증권_2023.06.30,    기업분석  ..  www.daishin.com     Earnings Preview  현대차      우려를  압도하는  실적 그리고  배당 김귀연   gwiyeon.kimdaishin.com      투자의견  BUY  매수 유지 개월 목표주가    상향  현재주가  ..    자동차업종           Q OP  .조원으로  컨센 대비  상회. 개분기  연속 서프 예상  피크아웃  우려에  반해  재고 추이  이익체력  고려 시 하방 제한적  년 배당 확대에  따른 우선주  매수 전략 또한 유효한  구간  투자의견  매수 목표주가  원 상향  목표주가는  현대차  년 EPS  원에 Target PER  배 부여증설제네시스  기대감  반영됐던   년 밸류에  매크로  불활실성  반영해   할인. 목표주가 상향은  우호적인  업황 지속에  따른 실적 상향에  기인. 분기별  실적 가시성  높아짐에  따라 주가 매력도  재차 상승.  실적  신차 모멘텀 Q 싼타페FMCH 아이오닉   배당매력 년 예상 DPS  원 고려 시 매수 추천하며  업종 TopPick 제시  Q 매출 .조YoY  OP .조 OPM . 예상 OP 컨센 .조 대비  상회당사 기존 추정 .조원 부합 예상. Q 연결 매출 대수 .만대YoY QoQ . 단순 ASP  만원YoY .QoQ . 로 견조한  외형 전망. 물량믹스환효과  고려 시 전사 OPM .자동차  부문 .의 수익성  호조 또한 지속될  것으로  예상. 자동차  매출 조 OP .조OPM . 예상. 물량Mix효과.조환율억 추정. 북미 판매비중 Q  YoY .pt 및 RV 비중. pt 확대 추세 지속. 금융 매출 .조 OP  억OPM . 예상. 금융 불확실성에도 불구 신차 판매 호조에  따른 안정적인  실적 시현 예상. 기타 매출 .조. OP 억OPM . 예상   년 연간 매출 .조 OP . 조 OPM . 추정 년 배당 가이던스  감안 시 DPS  원 이상 가능vs 년 원 연초 영업이익  가이던스 OP .. 조 가정 대비 물량 부합원재료 ASP환율 긍정적인  상황. H 인센티브 환율 불확실성으로 피크아웃  우려 지속되고  있으나   생산출고소매 추이 고려 시 재고 축적 더디고   인센 상승환율 하락 가정하더라도  연간 조원의  이익체력  사수 가능할  것으로  판단.  추가로  년 배당 가이던스 연결 지배순익  기준 배당성향   이상 고려 시 년 DPS  원 이상 가능할  것. 일 종가 기준 배당수익률  보통주 .우선주 우우B우B  이상 수준. 보통우선주  시총 괴리율  고려 시 우선주  투자 전략 또한 유효할  것으로  판단  단위 십억원   구분 Q Q  QF  Q 직전추정 당사추정  YoY QoQ Consensus  당사추정 YoY QoQ 매출액         .  .      .  .  영업이익         .  .      .  .  순이익         .  .      .  .  자료 현대차 FnGuide  대신증권  Research Center    ESG평가 등급 S A A B B C D  KOSPI .  시가총액  십억원 시가총액비중  . 자본금보통주 십억원 주 최고최저 원  원 일 평균거래대금  억원 외국인지분율  .  주요주주   현대모비스  외  인 .    국민연금공단  .   주가수익률  M M M M 절대수익률  .  .  .  .  상대수익률  .  .  .  .   . . . . . 천원 현대차 좌Relative to KOSPI 우현대차           영업실적  및 주요 투자지표  단위 십억원 원    A A F F F 매출액           영업이익            세전순이익            총당기순이익            지배지분순이익            EPS           PER .  .  .  .  .  BPS           PBR .  .  .  .  .  ROE .  .  .  .  .  주 EPS와 BPS ROE는 지배지분  기준으로 산출  자료 현대차 대신증권  Research Center   연간 실적 추정 변경 단위 십억원 원  p    수정전  수정후  변동률 F F F F F F 매출액         .  .  판매비와  관리비         .  .  영업이익          .  .  영업이익률  .  .  .  .  .  .  영업외손익          .  .  세전순이익          .  .  지배지분순이익          .  .  순이익률  .  .  .  .  .  .  EPS지배지분순이익          .  .  자료 현대차 대신증권  Research Center   표 . 현대차 목표주가  산출     비고 년 EPS .  원   년 EPS .  원  년 EPS .  원   년 EPS  .  원  Target PER  .  배 증설제네시스  기대감 반영됐던   년 밸류에 매크로 불활실성  반영해  할인 목표주가  .  원   현재주가  .  원 일 종가 기준 상승여력  .     자료 대신증권  Research Center     ,0.0002293462114811018,"['상향우호적', '수익성호조', '실적상향', '판매호조']",자동차프리스크에 대응하여 신차 모멘텀으로 싼타페FMCH 아이오닉이 주가를 상승시키면서 자동차업종주가 매수 유지 개월 목표주가 상향하였다
19,뿌리깊은나무들,종합 콘텐츠 제작 전문기업,■ 콘텐츠 제작 및 배우 매니지먼트 사업을 주력으로 영위:■ 유통채널의 다변화 등으로 방송·콘텐츠에 대한 수요 지속 증가 전망:■ 레드우즈파크 건설을 통해 미디어센터 신규사업 추진 본격화,나이스디앤비,2023.06.30,178,-9999,no_opinion,https://ssl.pstatic.net/imgstock/upload/research/company/1688079922382.pdf,뿌리깊은나무들_나이스디앤비_2023.06.30,... 기술이보고서는시가총액억원미만의중소형기업에대한투자정보확충을위해발간한보고서입니다.기술분석보고서DXVX기타서비스작성기관 NICE평가정보주 국윤민전문연구원 작성자본보고서는투자의사결정을위한참고용으로만제공되는것이므로투자자자신의판단과책임하에종목선택이나투자시기에대한최종결정을하시기바랍니다.따라서본보고서를활용한어떠한의사결정에대해서도본회와작성기관은일체의책임을지지않습니다.본보고서의요약영상은유튜브로도시청가능하며영상편집일정에따라현재시점에서미게재상태일수있습니다.카카오톡에서한국IR협의회채널을추가하시면매주보고서발간소식을안내받으실수있습니다.본보고서에대한자세한문의는작성기관TEL. 로연락하여주시기바랍니다.  요약  기업현황  시장동향  기술분석  재무분석  주요 변동사항 및 전망DXVXDXVX진단사업 영역 내 전문 서비스 제공 기업 기업정보기준대표자 이용구설립일자 년 월 일상장일자 년 월 일기업규모 중소기업업종분류물질성분 검사 및 분석업주요사업유전체분석 및 연구개발  진단검사 서비스 등시세정보기준현재가원 액면가원 시가총액 억 원 .발행주식수 주 최고가원 주 최저가원 외국인지분율 .주요주주 임종윤 다양한 진단 사업 영위 중 DXVX 이하 동사는 년 월엠지메드 로 설립 후 년 월 코스닥 시장에 상장하였고  년 월 현재의 사명으로 변경하였다 . 동사는 유전체진단사업  체외진단사업  바이오헬스케어사업을 영위하고 있으며 지속적인 연구개발을 통해 진단 영역의 다양한 신기술을 개발하고 있다. 또한 영위하는 사업 내 CRO CDO 등 다양한 서비스 제공을 통해 매출을 시현하고 있다.  다양한 질환 발병 증가에 따른 진단 서비스 활용 전망 전 세계적으로 COVID 팬데믹 영향으로 인해 체외진단 서비스가 활발하게 이용하였으며  결핵 암 호흡기 질환 등과 같은 만성 및 전염병 발병률 증가로 인해 지속적으로 수요가 증가할 것으로 파악된다 . 또한 신생아 선별 검사에 대한 인식 증가 유전 질환의 유병률은 유전자 검사 시장 성장을 견인하여 동사의 진단 서비스는 다각도로 활용 가능할 것으로 예상된다 . 종속회사 인수 및 기술 도입 등을 통한 사업 다각화 기대 동사는 년 건강기능식품 전문 기업인 한국바이오팜을 인수하고 년 신약개발 전문 기업인 에빅스젠을 인수함으로써 기존 진단 서비스 이외의 사업 영역을 확장하여 매출 다각화를 도모하고 있다. 또한 자체 신약개발 전담 조직 설립 미생물 균주 특허 기술 라이선스 인 비만치료제 시장 진출 등을 통해 사업 영역을 확장하여 지속적인 성장이 기대된다 .요약투자지표KIFRS연결기준   구분 년매출액억 원증감영업이익억 원이익률순이익억 원이익률ROEROA부채비율EPS원BPS원PER배PBR배  .  .  . . . .    .   .  .  . . . .    .   .  .  . . . .    . ,0.3678218513555353,"['투자확충', '수요증가', '성장견인']",기술보고서는시가총액억원미만의중소형기업에대한투자정보확충을위해발간한 것으로  유전체진단사업  체외진단사업  바이오헬스케어사업을 영위하고 있으며 지속적인 연구개발을 통해 진단 영역의 다양한 신기술을 개발하고 다양한 질환 발병 증가에 따른 진단 서비스 활용 전망 전 세계적으로 체외진단 서비스가 활발하게 이용하였으며  결핵 암 호흡기 질환 등과 같은 만성 및 전염병 발병률 증가로 인해 지속적으로 수요가 증가할 것으로 파악된다
20,삼성SDI,"자동차전지, 업황 대비 선전 중","◎ 자동차전지, 유럽 수요 둔화 우려 딛고 순항 중::>> 유럽 전기차 시장은 5월까지 22%(YoY) 성장하며 글로벌 성장률(42% YoY)을 하회(미국 50%, 중국 47%):- Volkswagen 중심 PHEV 수요가 부진한데, 주요국 PHEV 보조금 소멸 영향으로 해석:>> 동사 자동차전지는 프리미엄 BEV 모델에 집중돼 있어 유럽 수요 둔화 영향 제한적:- BMW i4/7/X, Audi e-Tron 등 대상 P5 배터리 출하 강세:- VW 그룹 내에서도 Audi 및 Porsche향 매출 비중이 절대적, Audi e-Tron 신모델 효과 긍정적:- P5 배터리 매출 비중 2분기 40%대 후반까지 상승, 제품 Mix 개선",키움증권,2023.06.30,338,-9999,no_opinion,https://ssl.pstatic.net/imgstock/upload/research/company/1688080765642.pdf,삼성SDI_키움증권_2023.06.30,... 코넥스이보고서는시가총액억원미만의중소형기업에대한투자정보확충을위해발간한보고서입니다.기술분석보고서뿌리깊은나무들 미디어엔터테인먼트작성기관 NICE디앤비 조민지연구원 작성자본보고서는투자의사결정을위한참고용으로만제공되는것이므로투자자자신의판단과책임하에종목선택이나투자시기에대한최종결정을하시기바랍니다.따라서본보고서를활용한어떠한의사결정에대해서도본회와작성기관은일체의책임을지지않습니다.본보고서의요약영상은유튜브로도시청가능하며영상편집일정에따라현재시점에서미게재상태일수있습니다.카카오톡에서한국IR협의회채널을추가하시면매주보고서발간소식을안내받으실수있습니다.본보고서에대한자세한문의는작성기관TEL. 로연락하여주시기바랍니다.  요약  기업현황  시장동향  기술분석  재무분석  주요 변동사항 및 전망뿌리깊은나무들 뿌리깊은나무들 종합 콘텐츠 제작 전문기업기업정보 기준대표자 이재원설립일자 년 월 일상장일자 년 월 일기업규모 중소기업업종분류영화 비디오물  방송프로그램 제작 및 배급업주요제품 TV 드라마 등시세정보현재가원  원액면가원  원시가총액 억 원 억 원발행주식수  주주 최고가원 원주 최저가원 원외국인지분율 .주요주주이재원 .Pastoral investment limited. 콘텐츠 제작 및 배우 매니지먼트 사업을 주력으로 영위 뿌리깊은나무들 이하 동사은 년 월에 설립되어 년 월 코넥스 시장에 상장된 중소기업으로  드라마  영화 웹드라마 등의 콘텐츠 제작 및 매니지먼트 사업을 영위하고 있다. 드라마 육룡이나르샤  영화 우주의 크리스마스  등의 대표작이 있으나  년 이후로는 드라마 제작을 통한 매출의 발생이 거의 없어 배우 매니지먼트 사업을 통한 연기자 관리 수익이 동사 전채 매출 실적을 견인하고 있는 것으로 분석된다 . 유통채널의 다변화 등으로 방송콘텐츠에 대한 수요 지속 증가 전망미디어 엔터테인먼트 산업은 COVID 확산으로 공연 및 영화 관람 등의 오프라인 콘텐츠 소비 위축에 따라 성장세가 주춤하였으나  온라인 콘텐츠 소비의 증가 및 오징어게임  등 K콘텐츠에 대한 한류열풍의 영향으로 방송콘텐츠 분야를 중심으로 성장이 확대될 것으로 전망되고 있다. 또한 넷플릭스  디즈니플러스 등 OTTOverTheTop 플랫폼 확장에 따라 유통채널도 다변화되어 콘텐츠 제작 편수도 지속적으로 늘어날 것으로 예상된다 . 레드우즈파크 건설을 통해 미디어센터 신규사업 추진 본격화동사는 강원도 원주시에 지하 층 지상 층 규모의 영화 드라마를 비롯한 메타버스 콘텐츠까지 제작할 수 있는 대형 스튜디오와 각종 편의 시설을 갖춘 복합문화상업시설인 레드우즈파크를 개발하고 있다. 년 여름 완공을 목표로 추진중이며  년 월에는 과학기술정보통신부가 지정하는 소프트웨어 진흥시설로 예비 인가를 받았으며  년 월에는 콘텐츠 제작을 위한 환경 조성과 AI 및 ICT 인프라 구축을 위해 IT 플랫폼 기업인 카카오엔터프라이즈와 업무협약을 맺으며 본격적으로 사업을 진행하고 있다. 요약투자지표KIFRS연결기준매출액억원증감영업이익억원이익률순이익억원이익률ROEROA부채비율EPS원BPS원PER배PBR배 . . . . . .  . .   . .  . . . . . . . .    .  . . . . . . . .    . ,0.49000178215473417,"['소비위축성장', '투자확충', '실적견인', '산업확산', '소비증가', '성장확대']",코넥스이보고서는  총액억원미만의중소형기업에대한투자정보확충을위해  NICE디앤비 조민지연구원이  투자자의사결정을위한참고용으로만제공되는것이므로 스스로판단과책임하에종목선택이나투자시기에대한 최종결정을하시기바랍니다
21,삼성SDI,흔들림 없는 실적,"2분기 실적 컨센서스 부합::동사의 2분기 실적은 매출액 5.7조 원, 영업이익 4,666억 원으로 영업이익 기준 컨센서스(4,678억 원)에 부합할 것으로 전망한다. 당초 유럽 수요 부진으로 2분기 실적에 대한 우려가 있었으나, 동사는 BMW/Audi 등의 매출 비중이 60%를 상회하며 프리미엄 브랜드향 견조한 판매가 예상되기 때문이다. ESS는 전력/UPS용 판매 확대로 1분기 대비 매출/수익성 회복이 예상되지만, 소형전지/전자재료 부문은 상반기 내 큰 폭의 개선은 제한적이다.",한화투자증권,2023.06.30,401,920000,Buy,https://ssl.pstatic.net/imgstock/upload/research/company/1688085954324.pdf,삼성SDI_한화투자증권_2023.06.30,    기업분석  ..  www.daishin.com     Earnings Preview  삼성 엔지니어링      Still Wa iting 이태환   taehwan.leedaishin.com      투자의견  BUY  매수 유지 개월 목표주가    하향  현재주가  ..   건설업종           연결 영업이익  억원. yoy 전망. 시장 컨센서스  부합 예상  YoY 실적 성장세는  유지. 하지만 상반기 화공 수주 진행상황은  기대 이하  인니 PJ 건 텍사스 PJ 건 등 하반기 안건 다수. 조원 목표는 가시범위  내  투자의견  매수 목표주가  원 하향 목표주가를 원으로 하향기존 원 .. E BPS  원에 타깃 PBR . 배 적용. 타깃 PBR은 E ROE 를 기준으로  PBRROE 방식으로  산출한 이론 PBR을 적용. 화공 수주 지연에 따른 이익 추정치 하향  Q Preview 무난하게  괜찮은 실적 예상 Q 연결기준  매출액 .조원. yoy 영업이익  억원. yoy 영업이익률  ..p yoy 전망. 시장 컨센서스와  부합하는  수준의 실적 예상 전분기와  비교하면  주요 공정 진행 현장이 동일하기  때문에 외형은 크게 다르지 않을 것으로 파악되나  분기에 발생했던  비화공 정산이익이  빠져나가면서  이익은 소폭 줄어들 것으로 판단. 비화공 부문 이익 기여가 높은 형태가 당분간 지속될 것  Still Wa iting 상반기 중동 타겟 프로젝트  수주전에서  여러차례  고배를 마시면서  화공 프로젝트  확보가 늦어지고 있음. 수주 유력 안건으로  분류됐던  헤일앤가샤 총 억불 동사지분 억불는 PCSA초기업무계약 가 취소되며  연내 진행 및 수주 가능 여부가 불분명한  상황. 수주 가이던스  달성 및 중장기 지속 성장을 위해 하반기 선전 필요 인도네시아  FEED to EPC  전환 안건 개CAP TPPI 가 여전히 유효하고  텍사스 LNG 프로젝트도  사업주와  협의 중으로 파악. 이외 인도 PD 사우디 Jafurah  Fadhili 등 경쟁입찰  안건도 다수 있어 연내 수주목표 조원는 가시범위  내 있음  단위 십억원   구분 Q Q  QF  Q 직전추정  당사추정  YoY QoQ Consensus  당사추정  YoY QoQ 매출액         .  .      .  .  영업이익          .  .      .  .  순이익         .  .      .  .  자료 삼성엔지니어링  FnGuide  대신증권  Research Center   영업실적  및 주요 투자지표  단위 십억원 원    A A F F F 매출액           영업이익            세전순이익            총당기순이익            지배지분순이익            EPS           PER .  .  .  .  .  BPS           PBR .  .  .  .  .  ROE .  .  .  .  .  주 EPS와 BPS ROE는 지배지분  기준으로 산출  자료 삼성엔지니어링  대신증권  Research Center    ESG평가 등급 S A A B B C D  KOSPI .  시가총액  십억원 시가총액비중  . 자본금보통주 십억원 주 최고최저 원  원 일 평균거래대금  억원 외국인지분율  .  주요주주   삼성SDI 외  인 .    국민연금공단  .   주가수익률  M M M M 절대수익률  .  .  .  .  상대수익률  .  .  .  .  . . . . . 천원 삼성엔지니어링 좌Relative to KOSPI 우  삼성엔지니어링          연간 실적 추정 변경 단위 십억원 원  p    수정전  수정후  변동률 F F F F F F 매출액         .  .  판매비와  관리비         .  .  영업이익          .  .  영업이익률  .  .  .  .  .  .  영업외손익          적자유지  적자유지  세전순이익          .  .  지배지분순이익          .  .  순이익률  .  .  .  .  .  .  EPS지배지분순이익          .  .  자료 삼성엔지니어링  대신증권  Research Center    표 . 삼성엔지니어링  목표주가  산출 단위 원 배    비고 BPS  삼성엔지니어링  E BPS  Target PBR  . 적정PBR  ROE g  COE g  삼성엔지니어링  E ROE .   영구성장률 g .   자기자본비용  . Rf .  Rm   주베타 . 적정주가   BPS  Target PBR  목표주가    현재주가    . . 기준 현재 PBR . . . 기준 상승여력  .  자료 대신증권  Research Center    그림 . 삼성엔지니어링  MF PER 밴드  그림 . 삼성엔지니어링  MF PBR 밴드         천원 Price . x. x . x. x . x          천원Price . x. x . x. x . x 자료 Quantiwise 대신증권  Research Center   자료 Quantiwise 대신증권  Research Center     ,-0.13855057266410378,"['이익추정하향', '실적성장', '수주지연']",삼성 엔지니어링은 상반기 화공 수주 진행상황은  기대 이하 인니 PJ 건 텍사스 PJ 건 등 하반기 안건 다수와 함께 시장 컨센서스와  부합하는 수준의 수준의 수준의 실적 예상 전분기와  비교하면 외형은 크게 다르지 않을 것으로 파악되나 분기에 발생했던  비화공 정산이익이   빠져나가면서  이익은 소폭 줄어들 것으로 판단된다
22,삼성엔지니어링,Still Waiting,"투자의견 매수, 목표주가 38,000원 하향::목표주가를 38,000원으로 하향(기존 41,000원, -7.3%). 2023E BPS 16,849원에 타깃 PBR 2.3배 적용. 타깃 PBR은 2023E ROE를 기준으로 PBR-ROE 방식으로 산출한 이론 PBR을 적용. 화공 수주 지연에 따른 이익 추정치 하향",대신증권,2023.06.30,200,38000,Buy,https://ssl.pstatic.net/imgstock/upload/research/company/1688083098386.pdf,삼성엔지니어링_대신증권_2023.06.30,    기업분석  ..  www.daishin.com     Earnings Preview  LG전자     Q 실적은  양호  수익성  체질이  변화하다   박강호  kangho.parkdaishin.com   투자의견  BUY  매수 유지 개월 목표주가   유지  현재주가  ..  가전 및 전자부품업종           년 Q 영업이익 억원 . yoy은 컨센서스  부합 추정   HA HE 부문은  선제적인  재고조정  속에 원가경쟁력  강화  VS전장 매출 성장은  기대 이상 전체 성장을  견인  투자의견  매수BUY 및 목표주가  원 유지 년 주당순이익 EPS에 목표PE .배실적회복기에  평균밴드 적용으로 목표주가  원 투자의견  매수BUY 유지. 년 분기 영업이익 연결은 억원으로  컨센서스  부합 동시에  각 사업별  수익성에서 체질 변화 진행 전장사업에서 기대 이상의  매출 성장도 긍정적인  요인 판단  별도LG전자 기준의  영업이익은  .yoy 증가 추정 LG전자의  분기 실적은 컨센서스  부합 및 전년동기대비  증가 전망. 단순한  숫자 증가보다  체질 변화에  주목 주가 상승에 기여.  년 분기 영업이익은  억원으로  .yoy 증가 및 매출은  .조원. yoy  추정. 특히 별도LG전자만  기준의  영업이익은  억원으로  .yoy 증가 추정 등 본질적인 수익성  개선이  진행  HA 가전 부문의  영업이익률은  . 추정. 원가개선  및 시스템  에어컨  등 고부가  중심의  매출 확대 경제 둔화 속에 프리미엄  브랜드를 바탕으로  볼륨존 집중 전략이  시너지  효과를  창출 긍정적으로  평가. HETV 부문의  영업이익률은  .로 분기 연속 흑자기조  전망. 전체적으로  TV 수요 약한 가운데  선제적인  재고조정  프리미엄  중심의  판매 및 마케팅  비용의  효율화가  전체 수익성에  기여  VS전장 부문의  분기 매출.조원 . yoy . qoq 성장은  기대 이상으로  평가. 자동차의  전장화  전기자동차  비중확대  거래선  다변화로  수주 잔고가 증가하여  전체 성장을  견인. VS 부문의  흑자기조  유지 및 LG마그나에서  흑자전환년 분기 예상 이후 수익성  수준이  한단계  높아질  것으로  전망  단위 십억원   구분 Q Q  QF  Q 직전추정 당사추정  YoY QoQ Consensus  당사추정 YoY QoQ 매출액         .  .      .  .  영업이익         .  .        .  순이익         .  .        .  자료 LG전자 FnGuide 대신증권  Research Center   영업실적  및 주요 투자지표  단위 십억원 원    A A F F F 매출액           영업이익            세전순이익            총당기순이익            지배지분순이익            EPS           PER .  .  .  .  .  BPS           PBR .  .  .  .  .  ROE .  .  .  .  .  주 EPS와 BPS ROE는 지배지분  기준으로  산출  자료 LG전자 대신증권  Research Center   ESG평가 등급 S A A B B C D  KOSPI .  시가총액  십억원 시가총액비중  . 자본금보통주 십억원 주 최고최저 원  원 일 평균거래대금  억원 외국인지분율  .  주요주주   LG 외  인 .   국민연금공단  .   주가수익률  M M M M 절대수익률  .  .  .  .  상대수익률  .  .  .  .   . . . . . 천원 LG전자좌Relative to KOSPI 우LG전자           연간 실적 추정 변경 단위 십억원 원  p    수정전  수정후  변동률 F F F F F F 매출액         .  .  판매비와  관리비         .  .  영업이익          .  .  영업이익률  .  .  .  .  .  .  영업외손익          적자유지  .  세전순이익          .  .  지배지분순이익          .  .  순이익률  .  .  .  .  .  .  EPS지배지분순이익          .  .  자료 LG전자 대신증권  Research Center             ,0.10478774202503055,"['수주잔고증가', '원가경쟁력강화', '영업이익증가', '성장긍정적', '수익성개선', '실적양호', '매출성장', '기대성장', '성장견인', '원가개선', '매출확대', '경제둔화', '수요약하']",LG전자 가전 및 전자부품업종은 전장사업에서 매출 성장도 긍정적인 요인 판단 하에 년 분기 영업이익 연결은 억원으로 컨센서스 부합 동시에  각 사업별 수익성에서 체질 변화 진행으로 긍정적인 요인 판단 하에 투자의견  BUY 및 목표주가 원 유지 년 주당순이익 EPS에 목표PE배실적회복기에  평균밴드 적용으로 목표주가  원 투자의견  매수BUY 유지 전년 분기 영업이익 연결은 억원으로  영업이익률은 yoy 증가 추정 전년동기대비  증가 전망 HETV 부문의  영업이익
23,상상인,"IT, 중공업, 금융업을 보유한 그룹사","■ IT, 중공업, 금융업을 보유한 그룹사:■ 네트워크 통합 솔루션과 크레인 제조 기술:■ 저축은행 보유 및 금융투자업 영위",NICE평가정보,2023.06.30,139,-9999,no_opinion,https://ssl.pstatic.net/imgstock/upload/research/company/1688079774895.pdf,상상인_NICE평가정보_2023.06.30,        년 월 일 I 기업분석   와이씨켐    IPO 주관사  업데이트  중장기  관점으로  봐야할  때   Q Review   주요 고객사들의  감산 영향 불가피   포토레지스트  소재 업체 와이씨켐은 기업 이미지  제고를  위해 월 일 영창케미칼에서  와이씨켐으로  사명을  변경했다 . 와이씨켐  분기 매출액은  억 원YoY QoQ  영업적자  억 원을 기록했다 . 주요 반도체  고객사들의  웨이퍼  투입량  축소에  따라 소재 사용량도  감소한  것으로  추정된다. 상장 이후 처음으로  영업적자를  기록했는데  매출 감소에  따른 고정비  부담 때문이다 . 제품별로  살펴보면  와이씨켐  매출의  를 차지하는 포토레지스트  소재 매출은  억 원YoY QoQ을 기록했다 . 포토레지스트는  감광액의  일종으로  노광 공정에서  사용되는  핵심 재료이다. 포토레지스트는  웨이퍼  위에 얇고 균일하게  도포되고  웨이퍼  위에 포토마스크를  통과한  광원을  쬐어주면  화학적  성질의 변화를  이용해서  특정한  패턴을  만든다 . iLine KrF 포토레지스트를  판매중이며  ArF 포토레지스트를  개발하여  년부터  양산 매출이  발생할  것으로  기대된다 . 포토레지스트  린스 매출은  억 원YoY  QoQ 를 기록했다 . ArF 포토레지스트용  Rinse를 공급하고 있고 EUV 포토레지스트용  Rinse는 고객사  평가 진행중이다 . Wet Chemical  매출은  억 원YoY  QoQ 를 기록했다 . 현상액은 트랙 장비에서  포토레지스트를  제거할 때 사용되는  재료다 .    Preview  분기 분기와 비슷한  수준. 하반기  CMP 슬러리가  중요  분기 매출은  분기와  비슷한  수준을  유지할  것으로  전망한다 . 년 매출액은  억 원YoY  영업이익은  억 원를 기록할  것으로  예상한다 . 주요 고객사의  가동률  축소에 따라 매출 감소 영향은 불가피  할 것으로  보인다 . 다만 년 하반기에  CMP 공정용 텅스텐  슬러리  매출에  따라 년 매출액이  년 대비 성장할  가능성도  있다.  중장기  모멘텀  EUV 포토레지스트  무기물  PR 반도체  글라스  기판 소재  중장기  모멘텀은  세가지다 .  EUV 공정용  포토레지스트에  대한 개발을 진행 중이고   Wet Chemical 소재의  경우 EUV용 무기 타입 포토레지스트 MORMetalOxide Resist 에 사용되는  MOR 전용 Thinner와 Developer 를 MOR부문 글로벌  위 기업과  특허생산  라이선스를  맺고 국내 고객사에  하반기에  공급할  예정이다 . 와이씨켐은 성주 산업 공단공장 완공에 억원을  선제적으로  투자해  생산능력을  확대한  바 있다.  글라스  기판이 상용화  될 경우 와이씨켐의  수혜도 기대된다 . 와이씨켐이  개발한  소재는  두가지로  글라스  기판 구리 도금용  포토레지스트와  글라스  기판의  균열을  보호하는  특수 폴리머이다. 인텔은  향후 글라스  기판 도입을  고려하고  있고 SKC의 자회사  앱솔릭스가  미국에  년 상반기  양산을  목표로  반도체  글라스  기판 생산시설을  완공할  계획이다 .        Not Rated          현재주가 . 원              Key Data     KOSDAQ 지수 pt .     주 최고최저원      시가총액 십억원  .    시가총액비중  .    발행주식수 천주 .     일 평균 거래량 천주 .    일 평균 거래대금 십억원  .    외국인지분율  .    주요주주  지분율      이성일  외  인 .    케이앤투자파트너스  외  인 .    Consensus Data           매출액 십억원  NA NA    영업이익 십억원  NA NA    순이익 십억원  NA NA    EPS원 NA NA    BPS원 NA NA    Financial Data  십억원   배 원    투자지표         매출액         영업이익         세전이익         순이익         EPS        증감율  . . . 적전    PER . . . .    PBR . . . .    EVEBITDA  . . . .    ROE . . . .    BPS        DPS            Analyst  김록호  roko.kim hanafn.com    변운지  bwghanafn.com            와이씨켐       하나증권 추정 재무제표     손익계산서  단위십억원   대차대조표  단위십억원               매출액        유동자산       매출원가           금융자산       매출총이익             현금성자산       판관비           매출채권       영업이익           재고자산       금융손익           기타유동자산       종속관계기업손익        비유동자산       기타영업외손익           투자자산       세전이익             금융자산       법인세           유형자산       계속사업이익           무형자산       중단사업이익           기타비유동자산       당기순이익        자산총계       비지배주주지분  순이익        유동부채       지배주주순이익           금융부채       지배주주지분포괄이익           매입채무       NOPAT           기타유동부채       EBITDA        비유동부채       성장성           금융부채       매출액증가율  . . . . .     기타비유동부채       NOPAT증가율  . . . . .  부채총계       EBITDA증가율  . . . . .    지배주주지분       영업이익증가율  . . . . .       자본금       지배주주 순익증가율  NA . . 적전 흑전       자본잉여금       EPS증가율  . . . 적전 흑전       자본조정       수익성             기타포괄이익누계액       매출총이익률  . . . . .       이익잉여금       EBITDA이익률  . . . . .    비지배주주지분       영업이익률  . . . . .  자본총계       계속사업이익률  . . . . .  순금융부채        투자지표    현금흐름표  단위십억원               주당지표 원       영업활동  현금흐름       EPS          당기순이익       BPS          조정      CFPS             감가상각비       EBITDAPS              외환거래손익       SPS             지분법손익       DPS             기타      주가지표 배          영업활동  자산부채  변동      PER . . . . .  투자활동  현금흐름       PBR . . . . .     투자자산감소 증가      PCFR . . . . .     자본증가 감소      EVEBITDA  . . . . .     기타      PSR . . . . .  재무활동  현금흐름       재무비율           금융부채증가 감소      ROE . . . . .     자본증가 감소      ROA . . . . .     기타재무활동       ROIC . . . . .     배당지급       부채비율  . . . . .  현금의  증감      순부채비율  . . . . .  Unlevered CFO       이자보상배율 배 . . . . .  Free Cash Flow       자료 하나증권       ,0.14976636061477683,"['매출영업적자', '생산능력확대', '금융부채증가', '고정비부담', '매출감소', '자본증가']",매씨켐은 기업 이미지  제고를 위해 월 일 영창케미칼에서  와이씨켐으로 사명을  변경하고 분기 매출액이 억 원YoY QoQ  영업적자  억 원을 기록했으며 주요 반도체  고객사들의  웨이퍼  투입량  축소에 따라 소재 사용량도  감소한  것으로  추정된다
24,솔루엠,SESL의 회계 부정 여부가 미칠 영향,"전자부품 실적 하향, ICT 실적 상향을 반영하여 목표주가 +13% 상향::목표주가를 기존 38,000원에서 43,000원으로 +13% 상향한다. ‘23년 전자부품의 영업이익을 기존 추정치 대비 -21% 하향(278억원→220억원)한 반면, ICT는 +11% 상향(1,056억원→1,167억원)했다. 목표 배수는 기존과 같이 전자부품에 6배, ICT에 23배를 적용했다. 동사는 연평균 +30% 이상 성장하는 시장에서 공격적으로 점유율을 확대하고 있으며, 최근 SES Imagotag(이하 SESL)의 회계 부정 논란, Pricer의 사업 악화로 반사이익 기회를 맞이했다.",하이투자증권,2023.06.30,341,43000,Buy,https://ssl.pstatic.net/imgstock/upload/research/company/1688082069551.pdf,솔루엠_하이투자증권_2023.06.30,          메디톡스  KQ 매수유지  T.P  원유지 특허 무효 결정에도  달라지는건  없다 미국 연방순회항소법원  메디톡스의  지속기간  연장 특허 무효 결정 해당 특허는  계속출원  특허 중 하나로  원출원  특허와는 무관 원출원  특허는  단순하면서도  광범위한  권리 범위로  등록 경쟁사에게  여전히  장벽 원출원  특허 관련 특허무효심판은  이미 종료 상대측  주장 기각된  바 있어 경쟁사  진입 장벽 여전 MTL 미국 진출 또한 문제없는  만큼 우려 불필요   Analyst  이동건  dgleesks.co.kr          미국 CAFC  새로운  톡신 제형의  긴 지속성  효과 특허 무효 결정 일현지 시간 미국 CAFC연 방 순 회 항 소 법 원 는 메 디 톡 스 의  Long lasting effect of new botulinum toxin formulations 새 로 운 보 툴 리 눔  톡신 제 형 의 긴 지 속 성 효과 이하 지 속 기 간  연장 특허 특 허 를 무효로 한 PTAB특 허 심 판 원 의 결 정 을 지 지 한 다 는  선례 판결precedential decision 이 공 개 됐 다 . 해당 특 허 는 년 메 디 톡 스 가  등 록 한 지 속 기 간  연장 특허US 로 동 물 유 래  성분 또는 재 조 합 인간 알 부 민 을  비 포 함 하 는  보 툴 리 눔  톡 신 에 대해 긴 지 속 성 효 과 에 대한 내 용 을 담고 있다. 한편 이번 특허 이 슈 는 갈 더 마Galderma 가 년 월 등록 후 특 허 취 소 심 판 PGR을 제 기 하 며  시 작 됐으며 년 월 PTAB 는 갈 더 마 가  제 기 한 특 허 에 대한 무효 결 정 을 내 렸 으 며  이후 메 디 톡 스 의  항 소 를 거쳐 이번 CAFC 의 선례 판 결 로 이 어 지 게  됐다.  특허 무효 결정된  해당 특허는  계속출원  특허로 원출원  특허와 무관 이번 특허 무효 결 정 이 이 뤄 진 지 속 기 간  연장 특 허 는 메 디 톡 스 의  원 출 원 특허 이후 등 록 된 계 속 출 원  특허 중 하 나 다. 메 디 톡 스 에  따 르 면 원 출 원 특허를 비 롯 해 총 개의 미국 특 허 를 기 보유 중 이 다. 특히 이들 중 원 출 원 특허US 는 무효 결 정 된 계 속 출 원  특 허 보 다  단 순 하 면 서 도  더 광 범 위 한  권리 범 위 로 특 허 가 등 록 되 어  있 으 며 다기재 협 범 위의 원 칙 에 따라 원 출 원 특 허 가 여 전 히 경 쟁 사 들 에 게  특허 장 벽 으 로  작 용 할 전 망 이 다 . 앞서 년 월 또 다른 경 쟁 사 인  레 방 스Revance Therapeutics 는 해당 원 출 원 특 허 에 대해 PTAB 에 특 허 무 효 심 판 IPR을 제 기 했 다 . 하 지 만 이후 PTAB 는 이를 기 각 했으며 재 심 리 요 청 에 대 해 서 도  거 부 했 다 . 따 라 서 이번 US 특허 무효 결정 에 도 불 구 하 고  원출원 특허 및 계 속 출 원  특 허 들 을  바 탕 으 로  여 전 히 경 쟁 사 진 입 에 장 벽 으 로  작 용 할 전 망 이 며  연내 미국 FDA에 BLA 제출 예정인 액 상 형 톡신 MTL 의 미국 진 출 에 도  문 제 가 없다.  기반영된  이슈 원출원  특허 포함 다수의  특허 감안 시 주가 하락은  과도 전일 주 가 는 서 울 고 검 의  대 웅 제 약 에  대한 산 업 기 술 유 출 방 지 법  및 부 정 경 쟁 방 지 법  위반 사 건 에 대해 재 기 수 사 명 령 을  내 렸 다 는  소 식 에 도  불 구 하 고  CAFA 의 US 특허 무효 결정 소 식 이 보 도 되 며  . 하락 마 감 했 다 . 하 지 만 앞서 언 급 한 바와 같이 이번 판 결 은 년 PTAB 의 무효 결정 발 표 로 기 반 영 된  이 슈 임 과  동 시 에 원 출 원 특허 및 추 가 적 인  계 속 출 원  특 허 들 을  바 탕 으 로  경 쟁 사 들 에 게 는  특허 장 벽 으 로  작용 연내 BLA 제출 예 정 인 MTL 의 미국 진 출 에 는  차 질 이 없을 예 정 이 다 . 특히 원 출 원 특 허 는 이미 레 방 스 가  제 기 한 특 허 무 효 심 판  통해 PTAB 가 기각 및 재 심 리 요청 거 부 까 지  이뤄진 만큼 추 가 적 인  노이즈로 작 용 할 가 능 성 도  희 박 하 다 .   기존 투 자 의 견  및 목 표 주 가 를  유 지 한 다 . 이전 자 료 에 서  언 급 한 바와 같이 년은 국내 및 해외 모멘텀 들 이 지 속 적 으 로  나 타 날 전 망 이 며  이를 바 탕 으 로  한 실적 성 장 도 매 분기 나 타 날 전 망 이 다 . MTL 의 미국 및 중동 허가 신청 뉴 로 녹 스  중국 실사 및 허가 뉴 럭 스 국내 허가 및 출시 등 풍부한 모 멘 텀 을  보 유 하 고  있다. 이번 노 이 즈 는  새 로 운 매수 기 회 로 판 단 한 다 .   SK Company Analysis  이동건   dgleesks.co.kr     Galderma 와의 계속출원  특허 PGR특허취소심판  타임라인    자료 PORTAL SK증권  Renvance 와의 원출원 특허 IPR특허무효심판  타임라인    자료 PORTAL SK증권      ,-0.01921508901485855,"['해외모멘텀', '실적성장']","미국 연방순회항소법원  메디톡스의  지속기간  연장 특허 무효 결정 해당 특허는  단순하면서도  광범위한  권리 범위로  등록 경쟁사에게  여전히  장벽 원출원  특허 관련 특허무효심판은  이미 종료 상대측  주장 기각된 바 있어 경쟁사  진입 장벽 여전 여전하며, 선례 판결precedential decision이 특허 무효 결정되었다"
25,심텍,"실적 저점 통과, 수주 회복세","수주 회복세, 3분기 손익분기점 도달 시도::수주가 지난해 말을 저점으로 회복세를 보이고 있고, 이를 반영해 실적은 지난 1분기를 바닥으로 점차 개선될 것이다. 2분기 매출액은 2,464억원(QoQ 21%, YoY -48%), 영업이익은 -222억원(적자 축소)으로 추정되고, 3분기에는 손익분기점 도달을 시도할 것이다. 반도체 고객사 감산, 과잉 재고, 판가 하락이 중첩된 PCB 업종의 극심한 하락 사이클이 조만간 마무리될 것이다. 우려보다 양호한 실적 흐름이라고 판단되며, 목표주가를 40,000원으로 상향 한다. 월별 수주액은 지난해 말 4,000만달러에서 최근 6월에는 7,000만달러까지 증가할 것으로 추정된다. 스마트폰 수요 약세에 따라 MCP 등 모바일 제품군은 미흡하지만, SiP와 GDDR6용 기판 등 고부가 MSAP 제품이 회복을 주도하고 있다.",키움증권,2023.06.30,374,40000,OutPerform,https://ssl.pstatic.net/imgstock/upload/research/company/1688080695902.pdf,심텍_키움증권_2023.06.30,   KB금융    Bloomberg Code   KS    Reuters  Code .KS   년 월 일    은행 현재로선  최선의 선택지   은경완  연구위원       kw.eunshinhan.com       매수 현재주가  월 일 목표주가  상승여력      유지 원 원 유지 .      분기 예상 순이익 .조원으로  컨센서스  부합 전망  은행업종  모멘텀 부재 구간에서 KB금융 중심 압축 대응 유효   높은 자본력에 근거한 추가 자사주 매입소각 발표 가능성 주목        COMPANY  REPORT  I  KB금융  년 월 일     I    시가총액   . 십억원  발행주식수   . 백만주  유동주식수   . 백만주 .  주 최고가 최저가    원 원 일평균  거래량  일   주 일평균  거래액  일   백만원  외국인  지분율   .  주요주주   국민연금공단  .  BlackRock Fund Advisors 외  인 .  절대수익률  개월 .  개월 .  개월 .  KOSPI 대비 상대수익률   개월 .  개월 .  개월 .   주가   ESG 컨센서스  ESG 컨센서스        KB금융 주가 좌축 KOSPI 대비 상대지수 우축 원종합주가지수 SS ASESG E S G점수 및등급 월 결산 총영업이익  충전이익  영업이익  당기순이익  EPS 증감률  BPS PER PBR ROE  ROA  배당수익률   십억원  십억원  십억원  십억원  원  원 배 배                .    .  .  .  .  .              .    .  .  .  .  .  F            .    .  .  .  .  .  F            .    .  .  .  .  .  F            .    .  .  .  .  .  자료 회사 자료 신한투자증권   주 년 이후 IFRS 적용.  년 실적은  소급적용하지  않음   Q Earnings Preview   KB금융의 분기 지배주주순이익은  .조원으로  컨센서스에  부합할 전망이다 . 분기에 이어 차별화 된 마진 흐름이 이어진다 . 자산 리프라이싱 효과와 저원가성예금  이탈 추세 진정으로  bp의 NIM 개선이 예상된다 . 반면 대출성장률은  . 내외로 부진하다. 비이자이익은  카드쪽의 상대적 선방에도  유가증권  관련익 등의 기저효과로  전분기대비로는  감소한다. 경기 불확실성을  감안해 추가 충당금이  전입될 예정이다. 분기 약  억원의 보수적 충당금을  적립했던  만큼 절대적인 규모는 이보다 작을 것으로 추정되며 한화오션  관련 일부 충당금 환입도 기대되는  만큼 실질적 부담은 우려만큼  크지 않다. 참고로 한화오션  관련 기적립 충당금 잔액은 약  억원이다.  KB금융 중심 압축 대응 유효 구간    극단적으로  낮은 밸류에이션 에도 모멘텀 부재 규제 및 실적 불확실성  등의 이유로 은행주는  투자자들의  관심에서  소외되고 있다. 외국인 지분율은 지속 하락하고  있으며 기관개인 수급도 성장주 테마주 등에 집중되는  분위기다 . 곧 발표될 분기 실적 역시 표면 숫자는 시장 기대치에  부합하겠으나  마진 하락 성장 둔화 추가 충당금 부담 등 주가 반등 트리거로  작용하기엔  내용적인 면이 아쉽다. 결국 현재로선  자본력과  이익체력  측면에서  방어력이  높고 차별화된  마진 흐름을 보이는 KB금융이 가장 편안한 선택지다 .  은행업종  T op pick 투자의견  유지   FYF 순이익 을 전년대비   증가한 .조원으로  추정한다 . 동시에 분기 배당금 원을 고려해 연간 배당성향과  DPS를 각각 .  원으로 전망한다 . 지난해 . 의 배당성향과  천억원의  자사주 매입소각으로 약 의 총주주환원율 을 기록했다 . 올해 총주주환원율   달성을 위한 자사주 매입소각 예상 규모는 약 천억원 수준으로 추산된다 . 분기말 기준 상장은행  중 유일하게  를 넘는 보통주자본비율을  유지하고  있다. 은행간 자본비율  격차가 주주환원율 차이로 연결되지  못하는 것이 현실이긴  하나 선도적인  역할 수행에 우위를 점할 수 있다는 점은 분명하다 . 추가 자사주 매입소각 발표 가능성에  주목하며  은행업종 Top pick 으로 추천한다 .   ,-0.2905113430889392,"['원가예금이탈', '하락성장둔화', '순이자마진개선', '경기불확실성', '실적불확실성', '전망모멘텀', '충당금부담', '이탈추세', '마진하락']",KOLKO
26,에이프릴바이오,APB-A1의 기술수출로 입증된 실력,"■ 동사는 2013년에 연구개발 중심기업으로 설립, 단백질의약품 반감기 증대 기술을 바탕으로 바이오 의약품 중 항체치료제와 지속형 재조합 단백질 의약품을 개발 중:■ APB-A1은 자가면역질환 치료제로 2021년 룬드벡에 기술수출 되면서 SAFA 플랫폼에 대한 기술력을 입증하였고 APB-R3는 NASH(비알코올 성지방간염) 적응증으로 기술수출을 목표하고 있음:■ 동사의 글로벌 경쟁사인 Horizon과 Ablynx는 모두 조단위에서 빅파마에 인수. 두 회사의 성공적인 사례를 감안하면 동사 역시 SAFA 플랫폼 적용 파이프라인에서 긍정적인 임상 데이터 발표 시 시가총액 상승 가능하다는 판단",한국IR협의회,2023.06.30,167,-9999,no_opinion,https://ssl.pstatic.net/imgstock/upload/research/company/1688080582214.pdf,에이프릴바이오_한국IR협의회_2023.06.30,년 월 일 기업분석     삼성SDI   흔들림  없는 실적  Analyst 이용욱  yw.leehanwha.com       Buy  유지 목표주가 유지 원  현재 주가  원 상승여력   .  시가총액  억원 발행주식수  천주 주 최고가   최저가     원 일 일평균  거래대금  .억원 외국인  지분율  .    주주 구성  삼성전자  외 인 .  국민연금공단  외 인 .  BlackRockFundAdvisors  외 인 .    주가수익률  개월 개월 개월 개월 절대수익률  . . . . 상대수익률 KOSPI  . . . . 단위 십억 원 원  배 재무정보   E  E  E  매출액          영업이익          EBITDA          지배주주순이익          EPS         순차입금          PER .  .  .  .  PBR .  .  .  .  EVEBITDA  .  .  .  .  배당수익률  .  .  .  .  ROE .  .  .  .    주가 추이    삼성SDI의 분기 실적은  컨센서스에  부합할  전망입니다 . 유럽 수요 우려에도  불구하고  프리미엄  브랜드향  판매가  선방했기  때문입니다 . 하반기에도  분기별  실적 증익이  예상되며  중장기  캐파 증설 및 차세대  배터리 준비도  순항 중입니다 . 분기 실적 컨센서스  부합 동사의  분기 실적은  매출액  .조 원 영업이익  억 원으로  영업이익 기준 컨센서스 억 원에 부합할  것으로  전망한다 . 당초 유럽 수요 부진으로  분기 실적에  대한 우려가  있었으나  동사는  BMW Audi 등의 매출 비중이  를 상회하며  프리미엄  브랜드향  견조한 판매가 예상되기 때문이 다. ESS는 전력UPS용 판매 확대로  분기 대비 매출수익성  회복이  예상되지만  소형전지 전자재료  부문은  상반기 내 큰 폭의 개선은  제한적이다 . 하반기  QoQ 증익 전망 하반기에도  분기별  영업이익  증익이  전망된다 . Audi는 상반기와  하반기 각각 QQ e tron을 출시하며  동사의  연간 P 판매 비중은  중대형전지  내 에 육박할  것으로  예상된다 . Rivian의 RSRT  모델은  모두 달러의  IRA 보조금  지급 대상 모델에  포함되며  동사의  소형전지  판매량도  우상향할  것으로  기대된다 . 전자재료  부문의  OLED반도체 도 분기까지 는 부진했으나  분기부터  본격적인  회복세가  전망된다. 투자의견  BUY 목표주가  만 원 유지 동사에  대한 투자의견과  목표주가를  그대로  유지한다 . 동사는  미국에  Stellantis GM과 JV 설립을  발표했으며  각각  년 양산을 계획하고 있다. 경쟁사  대비 미국 진출이  늦지만  AMPC 효과 감안 시 년 영업이익은  각각 .. 조 원이 추가 인식될 것으로  추정한다. 최근 현대차도  유럽 지역 등에 신규 JV 필요성을  언급하며  기대감 이 커지고 있다. 동사는 NCA 기반의  P 시리즈부터  파이년 양산 전고체  배터리 년 양산 볼륨 세그먼트용  NMxLFP 도 개발하고  있어 고객사  확장도  기대해  볼 수 있다.         pt 원삼성SDIKOSPI지수대비삼성SDI   한화리서치      표 삼성SDI의 분기 및 연간 실적 전망 단위 십억 원    Q  Q  Q  Q  Q  Q E Q E Q E  E  E  E  매출액                          에너지솔루션                          중대형                          EV                         ESS                         소형                         전자재료                          영업이익                          에너지솔루션                          AMPC              전자재료                          영업이익률  .  .  .  .  .  .  .  .  .  .  .  .  에너지솔루션  .  .  .  .  .  .  .  .  .  .  .  .  전자재료  .  .  .  .  .  .  .  .  .  .  .  .  EBITDA                          EBITDA 마진율  .  .  .  .  .  .  .  .  .  .  .  .   자료 삼성SDI 한화투자증권  리서치센터     그림 국내 사 배터리  캐파 삼성SDI  년 JV 캐파 반영되며  큰 폭의 실적 성장 예상    자료 한화투자증권  리서치센터     E E E E E E E E E EGWhLGES Skon 삼성SDI,0.0125189071406382,"['부진실적우려', '수익성회복', '개선제한적', '수요우려', '수요부진', '판매확대', '실적성장']",삼성SDI의 분기 실적은  컨센서스에  부합할 것으로 예상되며 유럽 수요 부진에도 불구하고 프리미엄  브랜드향  판매가 선방했고 하반기에도  분기별 실적 증익이 예상되며 중장기  캐파 증설 및 차세대  배터리 준비도 순항 중이다
27,엔비티,본격화될 글로벌 확장 스토리,"퍼포먼스 달성에 특화된 오퍼월 광고 사업 영위::• 광고주와 플랫폼, 이용자 모두에게 혜택을 제공하는 오퍼월 네트워크 ''애디슨'' 운영:• 각종 플랫폼에서 광고 시청, 컨텐츠 소비 등으로 포인트를 적립할 수 있도록 환경 구축:• 자체 서비스를 운영하거나 제휴사에게 오퍼월(Offerwall)이라는 솔루션 서비스를 제공:• 오퍼월 서비스 주요 고객으로 네이버웹툰, 네이버페이, 카카오T, 카카오 등이 존재:• 1Q23 기준 매출 비중은 광고(애디슨오퍼월/캐시슬라이드) 95%, 쇼핑 3%, 기타 2%",미래에셋증권,2023.06.30,222,-9999,no_opinion,https://ssl.pstatic.net/imgstock/upload/research/company/1688085268301.pdf,엔비티_미래에셋증권_2023.06.30,    기업분석  ..  www.daishin.com     Earnings Preview  크래프톤      신작 부재에도 괜찮을 실적  이지은   jeeeun.leedaishin.com      투자의견  BUY  매수 유지 개월 목표주가    유지  현재주가  ..   디지털컨텐츠업종           분기 비수기에도 배그의 안정적 트래픽 유지에 따라 견조한 탑라인 예상  하반기. BGMI 반영 업데이트 다수 아시안 게임 마케팅 효과로 탑라인 성장 기대  단기 신작 모멘텀보다는 견조한 실적에 따른 중장기적 주가 우상향 전망  투자의견  매수 목표주가  원 유지. 대형주 Toppick 의견 유지 MF EPS  원에 Target PER 배 적용. Target PER은 글로벌 게임 peer의 MF PER 평균 적용 비수기에도 무난한 실적 예상 Q 매출액 억원YoY  영업이익 억원YoY  예상. 년 분기 BGMI 매출이 반영됐던 효과를 제외하면 Q 매출은 YoY flat한 수준으로 예상  펍지 PC. 분기 주요 업데이트 부재에도 불구 . 동사가 펍지 PC콘솔 게임을 무료로 전환하면서 지급했던 G코인의 영향이 소멸되면서 PC 게임의 매출은 YoY 소폭 성장 예상. 분기는 성수기 시즌에 맞춘 성장형 무기 스킨 개편 탈 것의 콜라보 등의 업데이트에 따라 매출 반등 예상.  배그 모바일. 중국 포함 글로벌 지역 매출 하향 안정화에 따라 YoY flat 예상. 월 서비스가 재개된 BGMI는 모바일 양대 마켓에서 위를 유지 중이나 성과가 온기 반영되는 분기부터 유의미한 실적 기여가 예상됨. 분기엔 월 항저우 아시안 게임의 플레이 모드가 일반 유저에게도 공개될 예정으로 트래픽이 증가할 수 있는 간접적인 마케팅 효과 기대 신작 관련 단기 모멘텀보다는 견조한 실적에 따른 중장기적 주가 우상향 전망 크래프톤은 향후 글로벌 게임사들에  대해  MA를 통한 자체 IP 확대  소수 지분 투자를 통한 nd 파티 퍼블리싱  강화로 년부터 신작 라인업 확대와 게임의 hitratio를 높여 나갈 계획. 년 동사는 자체 IP인 블랙버짓 넥스터 서브노티카가칭을 포함하여 nd 파티 퍼블리싱 게임까지 약 개의 신작을 출시할 계획. 년 하반기엔 블랙버짓의 비공개 테스트가 진행될 예정 하반기 배그의 안정적인 트래픽 유지와 매출 발생에 따른 견조한 실적 예상. 신작 출시와 관련한 단기 주가 모멘텀보다는 안정적인 실적에 기반한 중장기적 주가 우상향 전망. 대형주 Toppick 의견 유지  영업실적 및 주요 투자지표  단위 십억원 원    A A F F F 매출액           영업이익            세전순이익            총당기순이익            지배지분순이익            EPS           PER .  .  .  .  .  BPS           PBR .  .  .  .  .  ROE .  .  .  .  .  주 EPS와 BPS ROE는 지배지분  기준으로 산출   자료 크래프톤 대신증권  Research Center    KOSPI .  시가총액  십억원 시가총액비중  . 자본금보통주 십억원 주 최고최저 원  원 일 평균거래대금  억원 외국인지분율  .  주요주주   장병규 외  인 .   IMAGE FRAME INVESTMENTHK LIMITED .    주가수익률  M M M M 절대수익률  .  .  .  .  상대수익률  .  .  .  .  . . . . . 천원 크래프톤 좌Relative to KOSPI 우   크래프톤          단위 십억원   구분 Q Q  QF   Q 직전추정  당사추정  YoY QoQ Consensus  당사추정  YoY QoQ 매출액         .  .      .  .  영업이익          .  .      .  .  순이익         .  .      .  .  자료 크래프톤  FnGuide 대신증권  Research Center   연간 실적 추정 변경 단위 십억원 원  p    수정전  수정후  변동률 F F F F F F 매출액         .  .  판매비와  관리비         .  .  영업이익          .  .  영업이익률  .  .  .  .  .  .  영업외손익          .  .  세전순이익          .  .  지배지분순이익          .  .  순이익률 .  .  .  .  .  .  EPS지배지분순이익          .  .  자료 크래프톤  대신증권  Research Center    표 . 크래프톤  목표주가  산출 단위 십억원 구분 내용 비고 년 지배주주지분  순이익십억원 .   Target PERx    .x 글로벌 Peer의 MF PER 평균 적용 목표 시총십억원  .    주식 수천주 .    적정 주가원    목표 주가원   반올림 적용 현재 주가원    상승 여력 .   자료 대신증권  Research Center           ,0.11319229172588752,"['단기모멘텀', '소폭성장', '매출상승', '매출하향']",크래프톤은 향후 글로벌 게임사들에 대해 MA를 통한 자체 IP 확대와 소수 지분 투자를 통한 nd 파티 퍼블리싱  강화로 년부터 신작 라인업 확대와 게임의 hitratio를 높여 나갈 계획이며 분기엔 월 항저우 아시안 게임의 플레이 모드가 일반 유저에게도 공개될 예정으로 트래픽이 증가할 수 있는 간접적인 마케팅 효과 기대 등으로 중장기적 주가 우상향 전망하고 있다
28,와이씨켐,IPO 주관사 업데이트: 중장기 관점으로 봐야할 때,"1Q23 Review : 주요 고객사들의 감산 영향 불가피::포토레지스트 소재 업체 와이씨켐은 기업 이미지 제고를 위해 3월 24일 영창케미칼에서 와이씨켐으로 사명을 변경했다. 와이씨켐 1분기 매출액은 164억 원(YoY-17%, QoQ-22%), 영업적자 3억 원을 기록했다. 주요 반도체 고객사들의 웨이퍼 투입량 축소에 따라 소재 사용량도 감소한 것으로 추정된다. 상장 이후 처음으로 영업적자를 기록했는데, 매출 감소에 따른 고정비 부담 때문이다. 제품별로 살펴보면, 와이씨켐 매출의 50%를 차지하는 포토레지스트 소재 매출은 82억 원(YoY-11%, QoQ-25%)을 기록했다. 포토레지스트는 감광액의 일종으로 노광 공정에서 사용되는 핵심 재료이다. 포토레지스트는 웨이퍼 위에 얇고 균일하게 도포되고, 웨이퍼 위에 포토마스크를 통과한 광원을 쬐어주면 화학적 성질의 변화를 이용해서 특정한 패턴을 만든다. i-Line, KrF 포토레지스트를 판매중이며, ArF 포토레지스트를 개발하여 23년부터 양산 매출이 발생할 것으로 기대된다. 포토레지스트 린스 매출은 19억 원(YoY -21%, QoQ -14%)를 기록했다. ArF 포토레지스트용 Rinse를 공급하고 있고, EUV 포토레지스트용 Rinse는 고객사 평가 진행중이다. Wet Chemical 매출은 45억 원(YoY -16%, QoQ -26%)를 기록했다. 현상액은 트랙 장비에서 포토레지스트를 제거할 때 사용되는 재료다.",하나증권,2023.06.30,187,-9999,no_opinion,https://ssl.pstatic.net/imgstock/upload/research/company/1688086547205.pdf,와이씨켐_하나증권_2023.06.30,체크포인트주가및주요이벤트재무지표벨류에이션 지표   기업분석 ㅣ..     KOSDAQ ㅣ제약과생물공학  디티앤씨알오   IT를 품은 BT 풀서비스  CRO 전문기업       Full Service CRO임상시험수탁기관 를 위한 HW연구센터  및 SWIT 솔루션 를 보유한  CRO 전문기업   년부터  다시 성장 사이클로의  진입 기대 년 효능평가센터 억원억원 및 안전성평가센터 억원억원 CAP A 확대 년 국내 유일의  PKPD약물동태 약력학 센터 오픈CAP A  억원 예정  전기 전자 정보통신  등의 분야에서 최고의  시험서비스를  제공하는  IT 기술 전문기업인 모회사 디티앤씨 와의 협업을  통해 차별화된  선진화된  CRO 비즈니스를  위한 IT 솔루션  기술을  보유  밸류에이션은  년 예상실적  기준 PER .배 PBR .배 PSR .배 수준으로 동종기업  및 해당 섹터 밸류에이션  대비 저평가                디티앤씨알오    KOSDAQ  Analyst 박선영  syparkkirs.or.kr  RA 서지원  jiwon.seokirs.or.kr  제약과생물공학      국내 유일의  Full Service CRO  디티앤씨알오는  년 설립된  비임상시험  및 임상시험  Fullservice  CRO 전문기업 . 년 기준 매출구성은  임상 . 안전성  . 분석 . 효능 .. 년 효능평가센터억원억원 및 안전성평가센터 억원억원 CAPA  확대 임상 커버리지  확대생동성  상상 상 상 년 국내 유일의  PKPD 약물동태 약력학 센터 오픈CAPA 억원을 통해 CRO 영역을  확장하고  있음  차별화된  IT 솔루션  역량으로  국내 CRO 산업 선도 동사는  독자적으로  개발한  BioICT 융합모델인  SEND FDA 표준자료제출 와 STC혁신 스마트 임상시험  플랫폼을  통해 국내 CRO 시장을  선도할 전망. 동사는  CRO Full service 가 가능한 시험센터들을  보유하고  있으며  SEND 및 STC와 같은 IT 플랫폼  기술 확보를  통해 선진화된  CRO 사업을  준비함 . 향후 신약 개발을  위한 Fullservice CRO 서비스가  필요한  많은 바이오  벤처 및 제약회사들의  수주가  이어질  것으로  예상됨  년 일시적  실적 부진 년부터  다시 성장 사이클로  년 하반기부터  생동성  시험건수  감소 바이오  벤처들의  자금조달  난항으로  인한 신규임상 성장세  둔화 등의 요인으로  년에는  일시적인  매출 성장세  둔화가  예상됨 . 하지만  동사는 상장 자금조달을  통해 효능평가센터  안전성평가센터  PKPK 센터 등 CRO Full service 를 위한 생산 CAPA 확장을  진행하고  있으며  해당사업들이  본격적으로  가동이  시작되는  년부터는  다시 성장하는  사이클로  진입할  것으로  전망됨   Forecast earnings  Valuation       F  매출액 억원      Y oY  NA . . . . 영업이익 억원      OP 마진 . . . . . 지배주주 순이익 억원      EPS원      Y oY  NA 적지 흑전 . . PER배 NA NA . . . PSR배 . . . . . EVEBIDA 배 NA . NA . . PBR배 . NA . . . ROE . .  . . . 배당수익률  NA NA NA . . 자료 한국IR협의회  기업리서치센터   Company Data  현재주가     원 주 최고가   원 주 최저가   원 KOSDAQ   .p  자본금  억원 시가총액  억원 액면가  원 발행주식수  백만주  일평균  거래량  일 만주 일평균  거래액  일 억원 외국인지분율  .  주요주주  디티앤씨  외 인 .   Price  Relative Performance    Stock Data  주가수익률  개월 개월 개월 절대주가  . .  상대주가  . .     참고  표지 재무지표에서  안정성  지표는  이자보상배율 성장성  지표는  매출액  증가율  수익성  지표는  ROE 활동성지표는  총자산회 전율 유동성지표는  당좌비율임.  표지 밸류에이션  지표 차트는  해당 산업군내  동사의  상대적 밸류에이션  수준을  표시. 우측으로  갈수록  밸류에이션  매력도  높음.        디티앤씨알오KOSDAQ원 ..,0.11544096897456475,"['매출성장둔화', '생산능력확장', '실적부진', '신규성장']",K티앤씨알오는  Full Service CRO임상시험수탁기관 를 위한 HW연구센터  및 SWIT 솔루션 를 보유한  CRO 전문기업으로  년부터 성장 사이클로의 진입 기대 년 효능평가센터 및 안전성평가센터 억원억원 및 CAP A 확대 년 국내 유일 PKPD약물동태 약력학 센터 오픈 오픈CAP A  억원 예정  전기 전자 정보통신  등의 분야에서 최고의  시험서비스를  제공하는 IT 기술 전문기업인 모회사 디티앤씨 와의 협업을 
29,우리금융지주,하반기 선호 종목으로 제시,"2Q23 지배 순익 7,333억원(-21% YoY), 컨센서스 하회::우리금융지주의 2Q23 지배주주 순이익은 7,333억원으로 21% YoY 감소하며 시장 컨센서스(8,800억원)를 16% 하회할 것으로 추정. 다만 이는 추가 충당금에 의한 것으로, 일회성 요인 제외 시 순익은 8,840억원으로 예상됨 원화대출은 기업대출 호조 및 가계대출 감소세 둔화로 0.8% QoQ 증가하나, 은행의 분기 NIM은 3bp QoQ 하락할 것으로 예상. 이에 순이자이익은 1% QoQ 감소할 전망. 판매관리비는 비경상적인 요인 없이 전분기와 같은 판관비율 41%를 가정했고, 대손비용률은 0.52%로 +22bp QoQ로 추정. 경상 비용에 더해, 경기 대응을 위한 추가 충당금 2,500억원과 한화오션(舊대우조선해양) 관련 신용공여의 충당금 환입 600억원을 함께 고려한 결과임",한화투자증권,2023.06.30,290,15500,Buy,https://ssl.pstatic.net/imgstock/upload/research/company/1688085871214.pdf,우리금융지주_한화투자증권_2023.06.30,  Company Brief    LG전자  Buy  Maintain   년과  비교해보면  무엇이  달라졌을까  목표주가 M  원유지  역대  최대  실적의  동인은  전장부품  투자의견  Buy 목표주가  .만원을  유지한다 . 현 주가는  년 PE .배에 거래되고  있다. 참고로  지난 년간 평균 MF PE 는 .배다. LGIT 제외 Q 영업이익을  억원YoY OPM . 으로 추정하며  년과 년 별도 영업이익을  각각 .조원YoY OPM . . 조원.YoY OPM . 으로 전망한다 . 이는 내구재  수요 폭증으로  최대 실적을  시현했던  년의 .조원을  상회하는  것이다 . 해당 기간 동안 사업부별  영업이익 영업이익률 의 변화는  아래와  같다.  HA 영업이익  년 .조원OPM   년E .조원OPM    VS 영업이익  년 억원OPM   년E 억원OPM    HE 영업이익  년 억원OPM   년E 억원OPM    BS 영업이익  년 억원OPM   년E 억원OPM   HE와 BS는 년 대비 TV PC 모니터  수요 부진 및 경쟁 격화로  수익성이  훼손되었다 . 특히 TV는 프리미엄  시장의  침체가  장기화되는  가운데  위 업체의  OLED TV 시장 진입 본격화  중국 업체의  출하 확대로  경쟁이  격화될  전망이다 . 중장기적으로  WebOS 중심의  컨텐츠  광고 등 플랫폼  비즈니스로의 체질 변화가  중요해지는  시점이다 . HA는 산업 전반의  수요 부진 속에서도  프리미엄  제품 확판 볼륨존에서의  시장 점유율  확대 기후 변화 및 에너지난  이후 히트펌프  중심의  시스템  에어컨  수요 확대로  오히려  이익 레벨이  개선되는  모습이다 . 여기에  미국 주택 시장에  대한 심리가  개선되고  있음을  감안하면  이와 관련된  신규 가전 수요도  바닥을  다질 것으로  판단한다 그림 .  VS의 개선이  단연 돋보인다 . 년 대비 영업이익  개선폭이  억원년 억원  년E  억원에 달할 전망이다 . 년 당시 완성차  생산 차질로  부진한  실적을  시현했으나  년 이후 수주 받았던  수익성  높은 프로젝트들의  매출 인식이  점진적으로  확대되며  이제는  완연한  체질 개선을  이루어냈다 .  수주잔고도  년 조원  년 조원  년 조원  년E 조원으로 빠르게  확대되고  있다그림. SDV와 맞물린  IVI의 중요성  부각 전기차  침투에  따른 ePT의 성장이  주요하다 그림. 통상 수주 이후 년의 연구개발을  거쳐 매출로  인식됨을  감안하면  년의 수주잔고  급증이  년 이후의 매출 성장을  담보할  것으로  판단한다 .  결론적으로  HE와 BS는 아쉽지만  HA는 어려운  환경에도  돋보이는  사업 경쟁력을  보여주고  있고 VS는 동사가  올해 역대 최대 영업이익을  시현하는  주된 동인이  될 것이다 . 성장 사업이  이익 개선의  중심이라면  밸류에이션에  대한 제고가  필요하다 . 주가는  YTD   상승했으나  년 PE는 여전히  .배에 불과하다 . 종가    원 상승여력  .     Stock Indicator   자본금  십억원  발행주식수   만주 시가총액   십억원  외국인지분율  .  주 주가  원 일평균거래량   주 일평균거래대금  . 십억원   주가수익률  M M M M  절대수익률  . . . . 상대수익률  . . . .  Price Trend    FY   E  E  E  매출액 십억원          영업이익 십억원          순이익 십억원          EPS 원         BPS 원         PER 배 .  .  .  .  PBR 배 .  .  .  .  ROE  .  .  .  .  배당수익률  .  .  .  .  EVEBITDA 배 .  .  .  .  주 KIFRS 연결 요약 재무제표   전기전자  고의영    ey.kohi ib.com     ..................Jun Aug Oct Dec Feb Apr JunLG전자Price좌 Price Rel. To KOSPIS  전기전자    LG전자   HI Research    표. LG전자  영업실적  추이  및 전망   단위 십억원  Q  Q  Q  Q  Q  QE  QE  QE      E  E  HA 매출액                          영업이익                          영업이익률  .  .  .  .  .  .  .  .  .  .  .  .  HE 매출액                          영업이익                          영업이익률  .  .  .  .  .  .  .  .  .  .  .  .  VS 매출액                          영업이익                          영업이익률  .  .  .  .  .  .  .  .  .  .  .  .  BS 매출액                          영업이익                          영업이익률  .  .  .  .  .  .  .  .  .  .  .  .  기타 매출액                          영업이익                          영업이익률  .  .  .  .  .  .  .  .  .  .  .  .  별도 합계 매출액                          영업이익                          영업이익률  .  .  .  .  .  .  .  .  .  .  .  .  LGIT 매출액                          영업이익                          영업이익률  .  .  .  .  .  .  .  .  .  .  .  .  전사합계  매출액                          영업이익                          영업이익률  .  .  .  .  .  .  .  .  .  .  .  .  자료 LG전자 하이투자증권     ,0.03145829832521146,"['영업이익개선', '수익성훼손', '수요부진', '수요확대', '심리개선', '생산차질', '매출성장', '수익성높']",현재주의 현 주가는 년 PE배에 거래되고 있는데 이는 내구재  수요 폭증으로 최대 실적을 시현했던  년의조원을  상회하는 것이라 해당 기간 동안 사업부별 영업이익 영업이익률 의 변화는 위와 같다
30,케이엠제약,"판로 확대, 사업 다각화로 성장이 기대되는 구강케어 및 화장품 전문회사",■ 구강케어 사업을 기반으로 성장한 생활뷰티 전문기업:■ 지속적 성장을 위한 사업 포트폴리오 다각화 진행:■ 비즈니스 시너지 창출과 해외 수출국의 다변화를 위해 노력 중,나이스디앤비,2023.06.30,111,-9999,no_opinion,https://ssl.pstatic.net/imgstock/upload/research/company/1688079720895.pdf,케이엠제약_나이스디앤비_2023.06.30,     Key data   현재주가  원    시가총액 십억원  영업이익 F십억원  발행주식수 백만주  Consensus 영업이익F 십억원  유동주식비율  . EPS 성장률F   외국인  보유비중  . PEFx   베타M 일간수익률  . MKT PEFx   주 최저가 원   KOSDAQ  . 주 최고가 원    Share  performance   Earnings and valuation metrics  주가상승률  개월 개월 개월 절대주가  . . . 상대주가  . . .  결산기  월       매출액  십억원       영업이익  십억원       영업이익률   . . . . . . 순이익  십억원       EPS 원       ROE   . . . . . . PE 배 . . . . . .  PB 배 . . . . . . 배당수익률       . . 주 KIFRS 개별 기준 순이익은 지배주주 귀속 순이익 자료 엔비티  미래에셋증권  리서치센터 엔비티     ..  Not Rated      본격화될  글로벌 확장 스토리  임희석  heeseok.limmiraeasset.com          기업 개요 퍼포먼스  달성에 특화된  오퍼월 광고 사업 영위  광고주와 플랫폼 이용자  모두에게 혜택을 제공하는  오퍼월 네트워크  애디슨 운영  각종 플랫폼에서 광고 시청 컨텐츠 소비 등으로  포인트를  적립할 수 있도록  환경 구축  자체 서비스를 운영하거나  제휴사에게 오퍼월Offerwall 이라는 솔루션 서비스를  제공  오퍼월 서비스 주요 고객으로  네이버웹툰 네이버페이 카카오T  카카오 등이 존재  Q 기준 매출 비중은  광고애디슨오퍼월 캐시슬라이드  쇼핑  기타  투자포인트  오퍼월  시장 고성장의  직접적인 수혜 지속  이용자 리텐션 상승을  위해 대형 플랫폼들이 오퍼월  부문을 강화하는 추세 지속  동사는 오퍼월 시장 위MS   사업자로  자리매김. 시장 고성장 최대 수혜 전망 글로벌  시장으로의 진출 가능성 대두  주요 플랫폼들의 해외 진출로  해외에서의 오퍼월  사업 필요성이 대두되고 있는 상황  고객별 맞춤형 서비스를  제공하는 동사의 애디슨오퍼월이 글로벌에서도 통할 수 있을 것으로 기대. 네이버웹툰의  해외 파트너도 동사로  선정될  가능성이 높다고  판단  향후 전망  초기 오퍼월 시장 선점을  위한 적극적인 외형 확장 전략이 이어질 것  F 매출액 억원  YoY 영업이익 억원  YoY 예상  국내 최대 SNS 플랫폼  카카오톡과의  제휴로  H  이후 탑라인 성장 가속화  전망  F 매출액 억원  YoY 영업이익 억원  YoY 예상  글로벌 확장으로  년에도  애디슨오퍼월 매출액이  이상 성장할 전망 . . .엔비티 KOSDAQ엔비티    Mirae Asset Securities  Research  ..  그림 . 애디슨 월간 사용자 수  그림 . 애디슨 월간 미션 노출 수    자료 미래에셋증권 리서치센터  자료 미래에셋증권 리서치센터  그림 . 애디슨 월간 미션 참여 수  그림 . 애디슨 매출액     자료 엔비티  미래에셋증권  리서치센터  자료 엔비티  미래에셋증권  리서치센터  그림 . 애디슨 신규 제휴 추이누적  그림 . 애디슨 제휴사  카테코리별 매출 비중    자료 엔비티  미래에셋증권  리서치센터  자료 엔비티  미래에셋증권  리서치센터      백만명    백만회    백만회    십억원     건콘텐츠플랫폼금융플랫폼기타,0.36528563613813647,"['예상최대', '성장가속', '매출성장']","K퍼월 네트워크, 애디슨, 카카오T, 이 3사가 오퍼월 시장 위MSL"
31,크래프톤,신작 부재에도 괜찮을 실적,"투자의견 매수, 목표주가 270,000원 유지. 대형주 Top-pick 의견 유지::12MF EPS 12,072원에 Target PER 22배 적용. Target PER은 글로벌 게임 peer의 12MF PER 평균 적용",대신증권,2023.06.30,160,270000,Buy,https://ssl.pstatic.net/imgstock/upload/research/company/1688083527593.pdf,크래프톤_대신증권_2023.06.30,             . . .덕산네오룩스 KOSDAQ ,0.08448860135551449,[],덕
32,티쓰리,여전히 성장 중인 오디션 IP,"글로벌 인기 게임 IP ''오디션''을 보유한 게임 개발사::• PC/모바일 게임 사업과 드론 사업 영위. 종속회사로 한빛소프트, 한빛드론 존재:• 1Q23 기준 게임 부문 매출 비중 55%, 드론 부문 매출 비중 45%:• 오디션이 주요 게임 IP로 누적 매출액 1조 5천억원. 1Q23 게임 매출 해외 비중 7",미래에셋증권,2023.06.30,164,-9999,no_opinion,https://ssl.pstatic.net/imgstock/upload/research/company/1688080335458.pdf,티쓰리_미래에셋증권_2023.06.30,          메쎄이상  KQ Not Rated  안정적  실적 성장이  예상되는  국내 위 전시 주최 업체  OPM  이상을  시현중인  국내 위 전시 주최 업체   정부정책  수혜  MA 추진  신규 시장 진출에  따른 안정적  실적 성장 전망  년 매출액  억원 . Y oY 영업이익  억원 . Y oY  전망  Analyst  허선재  sunjae.heosks.co.kr          국내 위 전시 주최 업체 메쎄이상은 년설립  년 월 SK증권 제호 SPAC합병을  통해 상장한  국내 위 전시 주최 업체이다. 전시 주최 사업이란  코엑스 킨텍스  등에서  열리는  전시박람회  등을 의미하며  수익구조는  전시 주최를  통해 기업과  바이어 BB소비자  BC를 연결해주고 출품업체로부터  부스 판매 수익을  수취하는  것이다 . 얼핏 보면 사업 성장성이  떨어지고 부가가치가  낮은 사업처럼  보일 수 있으나  자세히  보면 시장 매력도가  높고 수익성이 좋은 사업이다 . 실제로  동사는 년 매출액  억원 . YoY 과 영업이익  억원 . OPM  을 시현한  바 있다. 현재 주최중인  전시 카테고리는  건축 의료 교육 등 총 개로 연간 약 회의 전시를  개최 중이다 연간 참관객  만명. 구조적  성장 예상 인도 진출은   I. 정부 정책 수혜 전시 산업은  산업  육성고용창출  지역경제  파급효과  수출  지원 등 활용가치가  높기 때문에  정부는  전시 산업 지원정책을  적극적으로  추진하고  있다. 특히 코엑스 킨텍스 등의 전시장  구축은  막대한  비용이  소요되기  때문에  정부 주도의 투자가 필수적이다 . 실제로  국내 전시장  수는 년 만개년 만개까지  늘어날  전망이다 . 전시 산업은  공급이  수요를  견인하는  특성이  있기 때문에  동사가  속한 시장의  성장성은  충분히  매력적이라는  판단이다 . II. 적극적인  MA 추진 동사는  보유중인  현금 약 억원으로  전시 카테고리  확대를 위한 다수의  인수합병을  추진할  계획이다 . 전시 사업권  or 사업권을  보유한  법인이 인수 대상이다 . 주목할만한  점은 전시회는  하나의  브랜드로서  출품업체 소비자들의  브랜드 충성도가  작용하기  때문에  카테고리  확대는  동사의  실적 성장으로  직결될  것이다 . 동사는 AI 로봇 등 미래산업  위주의  전시 카테고리  확대를  고려중인  것으로  파악된다 . III. 신시장  인도 진출 동사의  모회사  이상네트웍스는  인디아  국제 전시컨벤션센터  IICC에 대한 년 운영 사업권을  국내 킨텍스와  함께 년 공동 수주한  바 있다 이상네트웍스  지분율   킨텍스  . 올해 월 건물 준공 완료 후 이상네트웍스는  보유 지분 및 운영권을  동사에게  이전할  예정이기  때문에  내년부터  인도 전시장  운영 실적이  동사에게  인식될  것으로  보인다.  더불어  IICC는 킨텍스의  배가 넘는 규모이기  때문에  중장기적으로  유의미한  실적 기여가  이뤄질  것으로  판단한다 . 년 영업이익  억원  YoY OPM  전망 메쎄이상  년 실적은  매출액  억원 . YoY 영업이익  억원 . YoY OPM  으로 전망된다 . 실적 성장 요인은  전시 규모횟수 증가  작년 인수한 고양이  전시회  궁디팡팡  켓패스타  실적 반영에  기인한다 . 최근 불확실한  매크로  환경에도  불구하고  동사는  향후 안정적인  실적 성장을  이어갈  것으로  예상되는  만큼 꾸준한 관심을  가져도 좋을 것으로 보인다.   SK Company Analysis  허선재   sunjae.heosks.co.kr     메쎄이상  실적 추이   메쎄이상  전시 카테고리별  비중 년 기준    자료 메쎄이상  SK 증권  자료 메쎄이상  SK 증권  메쎄이상  수익구조  BM  메쎄이상  주요 전시 브랜드    자료 한국바이오협회  SK 증권  자료 한국바이오협회  SK 증권  메쎄이상  주요 전시회 경향하우징페어   메쎄이상  주요 전시회 KPet Fair     자료 메쎄이상  SK 증권  자료 메쎄이상  SK 증권    .     ..............           Q매출액 좌영업이익 좌 OPM 우 억원 .......건축인테리어반려동물유아IT메타버스 화학레저전시디자인군수치안,0.36466097348195653,"['구조적성장', '실적성장', '수요견인', '수익성좋', '가격높']",메 전시 주최 업체 메쎄이상은 년설립  년 월 SK증권 제호 SPAC합병을  통해 상장한  국내 위 전시 주최 업체로 연간 약 회의 전시를  개최 중이며 이 수익구조는 전시 주최를  통해 기업과 바이어 BB소비자  BC를 연결해주고 출품업체로부터  부스 판매 수익을 수취하는  것이다
33,현대차,"우려를 압도하는 실적, 그리고 배당","투자의견 매수, 목표주가 300,000원 상향(+12%)::목표주가는 현대차 2023년 EPS 42,291원에 Target PER 7배 부여(증설/제네시스 기대감 반영됐던 2012~13년 밸류에 매크로 불활실성 반영해 10% 할인). 목표주가 상향은 우호적인 업황 지속에 따른 실적 상향에 기인. 분기별 실적 가시성 높아짐에 따라 주가 매력도 재차 상승. 1) 실적, 2) 신차 모멘텀(3Q 싼타페FMC/1H24 아이오닉7), 3) 배당매력(2023년 예상 DPS 11,500원) 고려 시, 매수 추천하며 업종 Top-Pick 제시",대신증권,2023.06.30,836,300000,Buy,https://ssl.pstatic.net/imgstock/upload/research/company/1688083668973.pdf,현대차_대신증권_2023.06.30,     Key data   현재주가  원    시가총액 십억원  영업이익 F십억원  발행주식수 백만주  Consensus 영업이익F 십억원  유동주식비율  . EPS 성장률F   외국인  보유비중  . PEFx   베타M 일간수익률  . MKT PEFx   주 최저가 원   KOSDAQ  . 주 최고가 원    Share  performance   Earnings and valuation metrics  주가상승률  개월 개월 개월 절대주가  . . . 상대주가  . . .  결산기  월       매출액  십억원       영업이익  십억원       영업이익률    . . . . . 순이익  십억원       EPS 원            ROE    .  . . . . PE 배  . . . . . PB 배  . . . . . 배당수익률      . . . 주 KIFRS 개별 기준 순이익은 지배주주 귀속 순이익 자료 미투젠  미래에셋증권  리서치센터 미투젠     ..  Not Rated      하반기  신작 출시 본격화  임희석  heeseok.limmiraeasset.com          실적 반등 전망 분기부터 회복세  돌입  분기 신작 부재와 투자 증가로 부진한 실적 기록매출액  YoY  영업이익    분기 TriPeaks Journey  매출 호조로 탑라인 성장세 회복 전망. 매출액 억원  QoQ  YoY 영업이익 억원  QoQ  YoY 예상  분기부터 본격 출시되는 신작들로 하반기 탑라인 바텀라인 동시 개선 전망  F 매출액 억원  YoY 영업이익  억원  YoY 예상 하반기  신작 출시 본격화  하반기  이어질 게임 및 웹툰웹소설 신작 러쉬  하반기 Solitaire Zillionaire PE 정식 출시. 현재 미국 대만 홍콩 등 베타 서비스 중  전략 캐주얼 카드 게임 Tripeaks Dream Deco 하반기 정식 출시. 집 꾸미기  컨셉 게임  자회사 조프소프트의 전략 슈팅 게임 R ift Sweepers 하반기 글로벌 정식 출시  컨텐츠 부문도 연이은 신작 출시 예정. 미툰앤노벨 자회사 은 은하의조언  별별이야기  하수도 등 신규 웹툰 작품 제작과 더불어 웹소설에  삽화를  더한 노벨툴  론칭 예정  블루픽 자회사 의 아카데미의  천재 칼잡이 는 네이버웹툰에서 연재될 예정Q  매력적인  밸류에이션  하반기  분위기 반전 기대   F PE .배로 상장 이후 밸류에이션 최하단 위치. 부담스럽지 않은 멀티플  수준  다수 신작게임 웹툰웹소설 출시로 하반기  실적 모멘텀 신작 모멘텀 동시 발생 전망  배당자사주 매입 등 적극적인 주주환원 정책이  이어지고  있는 부분도  긍정적인  요소  기존작 및 신작에 대한 판호 발급 가능성도 잠재적인 투자 포인트. 미투젠은 내자 판호 획득이 가능한 중국 자회사를  보유해 타 게임사  대비 판호 획득에 유리한  상황  . . .미투젠 KOSDAQ미투젠    Mirae Asset Securities  Research  ..  게임 동사는 다양한 장르와 채널에서 인앱 결제매출 비중  및 광고매출 비중  매출을 안정적으로  창출하고  있다. 장르별로는  트라이픽스  소셜카지노  솔리테르 로 구성된 다변화된 포트폴리오를 갖고 있다. 지역별로는 소득 수준이 높은 선진 시장을 위주로 매출이 분포되어 있어 안정적인 매출을 시현하고 있다. 지역별 매출 비중은 미국 유럽 일본 순이다.  그림 . 게임 장르별  매출 비중Q   그림 . 인앱 결제 채널별 매출 구조Q     자료 미투젠  미래에셋증권  리서치센터  자료 미투젠  미래에셋증권  리서치센터  그림 . 광고매출 채널별 매출 구조Q   그림 . 지역별 매출 비중Q     자료 미투젠  미래에셋증권  리서치센터  자료 미투젠  미래에셋증권  리서치센터   트라이픽스소셜카지노솔리테르iOSAndroidFacebookOthersAppLovinGoogle AdmobFacebookUnityAdsOthers미국유럽일본기타,0.3019535916388576,"['실적모멘텀', '실적상승', '전망회복', '투자증가', '매출호조', '성장회복', '매출안정']",KIFRS 개별 기준 순이익은 지배주주 귀속 순이익이며 현재 미국 대만 홍콩 등 베타 서비스 중이며 현재 미국 대만 홍콩 등 베타 서비스 중으로 배타 서비스 중이며 현재 미국 대만 홍콩 등 베타 서비스 중이다
